product_name,selling_price_inr,mrp_inr,discount_as_listed,discount_calculated,star_rating,specs,category,platform,source_url,scraped_at
"MOTOROLA g06 power (Pantone tapestry, 64 GB)",9999,,,,4.3,4 GB RAM | 64 GB ROM | Expandable Upto 1 TB17.48 cm (6.88 inch) HD+ Display50MP Rear Camera | 8MP Front Camera7000 mAh BatteryHelio G81 Processor1 Year Warranty on Handset and 6 Months Warranty on Accessories,mobiles,Flipkart,https://www.flipkart.com/search?q=smartphones&page=1,2026-04-22 16:11:38
"realme P4 Lite 5G (Mosaic Blue, 64 GB)",12749,19999,36,36.25,4.4,4 GB RAM | 64 GB ROM17.27 cm (6.8 inches) HD+ Display13MP Rear Camera | 5MP Front Camera7000 mAh lithium-ion polymer BatteryDimensity 6300 Processor1 Year Manufacturer Warranty for Device and 6 Months Manufacturer Warranty for Inbox Accessories,mobiles,Flipkart,https://www.flipkart.com/search?q=smartphones&page=1,2026-04-22 16:11:38
"Ai+ Pulse 1 (Sparkle Red, 64 GB)",7999,,,,4.3,4 GB RAM | 64 GB ROM | Expandable Upto 1 TB17.13 cm (6.745 inch) HD+ Display50MP Rear Camera | 5MP Front Camera5000 mAh BatteryT615 Processor1 Year Warranty on Handset and 6 Months Warranty on the Inbox Accessories,mobiles,Flipkart,https://www.flipkart.com/search?q=smartphones&page=1,2026-04-22 16:11:38
"Ai+ Pulse 1 (Blue, 64 GB)",7999,,,,4.3,4 GB RAM | 64 GB ROM | Expandable Upto 1 TB17.13 cm (6.745 inch) HD+ Display50MP Rear Camera | 5MP Front Camera5000 mAh BatteryT615 Processor1 Year Warranty on Handset and 6 Months Warranty on the Inbox Accessories,mobiles,Flipkart,https://www.flipkart.com/search?q=smartphones&page=1,2026-04-22 16:11:38
"realme P4 Lite 5G (Mosaic Green, 128 GB)",15749,22999,31,31.52,4.5,6 GB RAM | 128 GB ROM17.27 cm (6.8 inches) HD+ Display13MP Rear Camera | 5MP Front Camera7000 mAh lithium-ion polymer BatteryDimensity 6300 Processor1 Year Manufacturer Warranty for Device and 6 Months Manufacturer Warranty for Inbox Accessories,mobiles,Flipkart,https://www.flipkart.com/search?q=smartphones&page=1,2026-04-22 16:11:38
"POCO C85x (Elite Black, 64 GB)",11499,13499,14,14.82,4.2,4 GB RAM | 64 GB ROM | Expandable Upto 2 TB17.53 cm (6.9 inch) HD+ Display32MP Rear Camera6300 mAh Lithium-Ion Polymer BatteryT8300 Processor1 Year Manufacturer Warranty for Phone and 6 Months Warranty for In the Box Accessories,mobiles,Flipkart,https://www.flipkart.com/search?q=smartphones&page=1,2026-04-22 16:11:38
"MOTOROLA g35 5G (Leaf Green, 128 GB)",12499,,,,4.2,4 GB RAM | 128 GB ROM | Expandable Upto 1 TB17.07 cm (6.72 inch) Full HD+ Display50MP + 8MP | 16MP Front Camera5000 mAh BatteryT760 Processor12 5G Bands with VoNR|4K Video Recording|Vision Booster Technology1 Year on Handset and 6 Months on Accessories,mobiles,Flipkart,https://www.flipkart.com/search?q=smartphones&page=1,2026-04-22 16:11:38
"MOTOROLA g57 power 5G (Pantone Regatta, 128 GB)",15999,17999,11,11.11,4.4,8 GB RAM | 128 GB ROM17.07 cm (6.72 inch) Full HD+ Display50MP + 8MP | 8MP Front Camera7000 mAh Battery6s Gen 4 Processor1 Year Warranty on Handset and 6 Months Warranty on Accessories,mobiles,Flipkart,https://www.flipkart.com/search?q=smartphones&page=1,2026-04-22 16:11:38
"realme P4x 5G (Matte Silver, 128 GB)",16499,17999,8,8.33,4.4,6 GB RAM | 128 GB ROM17.07 cm (6.72 inch) Full HD+ Display50MP + 2MP | 8MP Front Camera7000 mAh BatteryDimensity 7400 Ultra Processor1 Year Manufacturer Warranty for Phone and 6 Months Warranty for In-Box Accessories,mobiles,Flipkart,https://www.flipkart.com/search?q=smartphones&page=1,2026-04-22 16:11:38
"Ai+ Pulse 2 (Blue, 64 GB)",8499,10999,22,22.73,4.6,4 GB RAM | 64 GB ROM | Expandable Upto 1 TB17.13 cm (6.745 inch) HD+ Display50MP Rear Camera | 8MP Front Camera6000 mAh BatteryT7250 Processor1 Year Warranty on Handset and 6 Months Warranty on the Inbox Accessories,mobiles,Flipkart,https://www.flipkart.com/search?q=smartphones&page=1,2026-04-22 16:11:38
"realme P4 Lite 5G (Mosaic Green, 64 GB)",12749,19999,36,36.25,4.4,4 GB RAM | 64 GB ROM17.27 cm (6.8 inches) HD+ Display13MP Rear Camera | 5MP Front Camera7000 mAh lithium-ion polymer BatteryDimensity 6300 Processor1 Year Manufacturer Warranty for Device and 6 Months Manufacturer Warranty for Inbox Accessories,mobiles,Flipkart,https://www.flipkart.com/search?q=smartphones&page=1,2026-04-22 16:11:38
"MOTOROLA g35 5G (Midnight Black, 128 GB)",12499,,,,4.2,4 GB RAM | 128 GB ROM | Expandable Upto 1 TB17.07 cm (6.72 inch) Full HD+ Display50MP + 8MP | 16MP Front Camera5000 mAh BatteryT760 Processor12 5G Bands with VoNR|4K Video Recording|Vision Booster Technology1 Year on Handset and 6 Months on Accessories,mobiles,Flipkart,https://www.flipkart.com/search?q=smartphones&page=1,2026-04-22 16:11:38
"realme P4x 5G (Matte Silver, 256 GB)",19499,20999,7,7.14,4.4,8 GB RAM | 256 GB ROM17.07 cm (6.72 inch) Full HD+ Display50MP + 2MP | 8MP Front Camera7000 mAh BatteryDimensity 7400 Ultra Processor1 Year Manufacturer Warranty for Phone and 6 Months Warranty for In-Box Accessories,mobiles,Flipkart,https://www.flipkart.com/search?q=smartphones&page=1,2026-04-22 16:11:38
"MOTOROLA g06 power (Pantone Tendril, 64 GB)",9999,,,,4.3,4 GB RAM | 64 GB ROM | Expandable Upto 1 TB17.48 cm (6.88 inch) HD+ Display50MP Rear Camera | 8MP Front Camera7000 mAh BatteryHelio G81 Processor1 Year Warranty on Handset and 6 Months Warranty on Accessories,mobiles,Flipkart,https://www.flipkart.com/search?q=smartphones&page=1,2026-04-22 16:11:38
"Samsung Galaxy F06 5G (Lit Violet, 128 GB)",12499,13999,10,10.72,4.2,4 GB RAM | 128 GB ROM | Expandable Upto 1500 GB17.02 cm (6.7 inch) HD+ Display50MP + 2MP | 8MP Front Camera5000 mAh BatteryDimensity 6300 Processor1 Year Manufacturer Warranty for Device and 6 Months for In-Box Accessories,mobiles,Flipkart,https://www.flipkart.com/search?q=smartphones&page=1,2026-04-22 16:11:38
"realme P4 Lite (Sea Blue, 128 GB)",10999,13999,21,21.43,4.4,4 GB RAM | 128 GB ROM17.14 cm (6.75 inch) HD+ Display13MP Rear Camera | 5MP Front Camera6300 mAh BatteryT7250 Processor1 Year Manufacturer Warranty for Device and 6 Months Manufacturer Warranty for Inbox Accessories,mobiles,Flipkart,https://www.flipkart.com/search?q=smartphones&page=1,2026-04-22 16:11:38
"MOTOROLA g57 power 5G (Pantone Fluidity, 128 GB)",15999,17999,11,11.11,4.4,8 GB RAM | 128 GB ROM17.07 cm (6.72 inch) Full HD+ Display50MP + 8MP | 8MP Front Camera7000 mAh Battery6s Gen 4 Processor1 Year Warranty on Handset and 6 Months Warranty on Accessories,mobiles,Flipkart,https://www.flipkart.com/search?q=smartphones&page=1,2026-04-22 16:11:38
"Ai+ Pulse 2 (Green, 128 GB)",9499,11999,20,20.84,4.1,6 GB RAM | 128 GB ROM | Expandable Upto 1 TB17.13 cm (6.745 inch) HD+ Display50MP Rear Camera | 8MP Front Camera6000 mAh BatteryT7250 Processor1 Year Warranty on Handset and 6 Months Warranty on the Inbox Accessories,mobiles,Flipkart,https://www.flipkart.com/search?q=smartphones&page=1,2026-04-22 16:11:38
"vivo T4 Lite 5G Charger in the Box (Titanium Gold, 64 GB)",12999,,,,4.4,4 GB RAM | 64 GB ROM | Expandable Upto 2 TB17.12 cm (6.74 inch) HD+ Display50MP + 2MP | 5MP Front Camera6000 mAh BatteryDimensity 6300 5G Processor1 Year Manufacturer Warranty for Device and 6 Months Manufacturer Warranty for Inbox Accessories,mobiles,Flipkart,https://www.flipkart.com/search?q=smartphones&page=1,2026-04-22 16:11:38
"POCO C85 5G (Power Black, 128 GB)",12999,14499,10,10.35,4.1,4 GB RAM | 128 GB ROM | Expandable Upto 1 TB17.53 cm (6.9 inch) HD+ Display50MP Rear Camera | 8MP Front Camera6000 mAh Lithium-Ion Polymer BatteryDimensity 6300 Processor1 Year Manufacturer Warranty for Phone and 6 Months Warranty for In the Box Accessories,mobiles,Flipkart,https://www.flipkart.com/search?q=smartphones&page=1,2026-04-22 16:11:38
"MOTOROLA Edge 60 Fusion 5G (PANTONE Zephyr, 128 GB)",22999,24999,8,8.0,4.4,8 GB RAM | 128 GB ROM | Expandable Upto 1 TB16.94 cm (6.67 inch) Display50MP + 13MP | 32MP Front Camera5500 mAh BatteryDimensity 7400 Processor68W Charger1 Year Warranty on Handset and 6 Months Warranty on Accessories,mobiles,Flipkart,https://www.flipkart.com/search?q=smartphones&page=1,2026-04-22 16:11:38
"realme P4 Lite (Sea Blue, 64 GB)",9999,12999,23,23.08,4.4,4 GB RAM | 64 GB ROM17.14 cm (6.75 inch) HD+ Display13MP Rear Camera | 5MP Front Camera6300 mAh BatteryT7250 Processor1 Year Manufacturer Warranty for Device and 6 Months Manufacturer Warranty for Inbox Accessories,mobiles,Flipkart,https://www.flipkart.com/search?q=smartphones&page=1,2026-04-22 16:11:38
"MOTOROLA g35 5G (Leaf Green, 128 GB)",13999,15499,9,9.68,4.2,8 GB RAM | 128 GB ROM | Expandable Upto 1 TB17.07 cm (6.72 inch) Full HD+ Display50MP + 8MP | 16MP Front Camera5000 mAh BatteryT760 Processor12 5G Bands with VoNR|4K Video Recording|Vision Booster Technology1 Year on Handset and 6 Months on Accessories,mobiles,Flipkart,https://www.flipkart.com/search?q=smartphones&page=1,2026-04-22 16:11:38
"MOTOROLA G96 5G (Pantone Ashleigh Blue, 128 GB)",18999,20999,9,9.52,4.4,8 GB RAM | 128 GB ROM16.94 cm (6.67 inch) Full HD+ Display50MP + 8MP | 32MP Front Camera5500 mAh Battery7s Gen 2 Processor1 Year Warranty on Handset and 6 Months Warranty on Accessories,mobiles,Flipkart,https://www.flipkart.com/search?q=smartphones&page=1,2026-04-22 16:11:38
"vivo T5x 5G (Star Silver, 128 GB)",22999,28999,20,20.69,4.5,6 GB RAM | 128 GB ROM17.17 cm (6.76 inch) Display50MP + 2MP | 32MP Front Camera7200 mAh Li-ion BatteryDimensity 7400-Turbo Processor1 Year Manufacturer Warranty for Device and 6 Months Manufacturer Warranty for Inbox Accessories,mobiles,Flipkart,https://www.flipkart.com/search?q=smartphones&page=3,2026-04-22 16:12:03
"POCO M6 Plus 5G (Graphite Black, 128 GB)",14499,17999,19,19.45,4.2,8 GB RAM | 128 GB ROM | Expandable Upto 1 TB17.25 cm (6.79 inch) Full HD+ Display108MP + 2MP | 13MP Front Camera5030 mAh BatterySnapdragon 4 Gen2 AE Processor1 Year Manufacturer Warranty for Phone and 6 Months Warranty for In the Box Accessories,mobiles,Flipkart,https://www.flipkart.com/search?q=smartphones&page=3,2026-04-22 16:12:03
"MOTOROLA G96 5G (Pantone Dresden Blue, 128 GB)",18999,20999,9,9.52,4.4,8 GB RAM | 128 GB ROM16.94 cm (6.67 inch) Full HD+ Display50MP + 8MP | 32MP Front Camera5500 mAh Battery7s Gen 2 Processor1 Year Warranty on Handset and 6 Months Warranty on Accessories,mobiles,Flipkart,https://www.flipkart.com/search?q=smartphones&page=3,2026-04-22 16:12:03
"POCO C75 5G (Aqua Bliss, 128 GB)",11499,,,,4.2,4 GB RAM | 128 GB ROM | Expandable Upto 1 TB17.48 cm (6.88 inch) HD+ Display50MP Rear Camera | 5MP Front Camera5160 mAh Battery4s Gen 2 5G Processor1 Year Manufacturer Warranty for Phone and 6 Months Warranty for In the Box Accessories,mobiles,Flipkart,https://www.flipkart.com/search?q=smartphones&page=3,2026-04-22 16:12:03
"MOTOROLA Edge 70 Fusion (Pantone SILHOUETTE, 256 GB)",29999,45999,34,34.78,4.4,8 GB RAM | 256 GB ROM17.27 cm (6.8 inch) Super HD Display50MP + 13MP | 32MP Front Camera7000 mAh BatterySnapdragon 7s Gen 4 Processor1 Year on Handset and 6 Months on Accessories,mobiles,Flipkart,https://www.flipkart.com/search?q=smartphones&page=3,2026-04-22 16:12:03
"MOTOROLA Edge 60 Fusion 5G (PANTONE Mykonos Blue, 128 GB)",22999,24999,8,8.0,4.4,8 GB RAM | 128 GB ROM | Expandable Upto 1 TB16.94 cm (6.67 inch) Display50MP + 13MP | 32MP Front Camera5500 mAh BatteryDimensity 7400 Processor68W Charger1 Year Warranty on Handset and 6 Months Warranty on Accessories,mobiles,Flipkart,https://www.flipkart.com/search?q=smartphones&page=3,2026-04-22 16:12:03
"vivo T4x 5G (Pronto Purple, 256 GB)",20999,,,,4.4,8 GB RAM | 256 GB ROM17.07 cm (6.72 inch) Display50MP + 2MP | 8MP Front Camera6500 mAh BatteryDimensity 7300 5G Processor1 Year Warranty for Device and 6 Months Warranty for Accessories,mobiles,Flipkart,https://www.flipkart.com/search?q=smartphones&page=3,2026-04-22 16:12:03
"vivo T4R 5G (Twilight Blue, 128 GB)",22999,23499,2,2.13,4.5,8 GB RAM | 128 GB ROM17.2 cm (6.77 inch) Display50MP (OIS) + 2MP | 32MP Front Camera5700 mAh BatteryDimensity 7400 5G Processor1 Year Manufacturer Warranty for Device and 6 Months Manufacturer Warranty for Inbox Accessories,mobiles,Flipkart,https://www.flipkart.com/search?q=smartphones&page=3,2026-04-22 16:12:03
"POCO M7 Plus 5G (Carbon Black, 128 GB)",15999,16999,5,5.88,4.3,6 GB RAM | 128 GB ROM | Expandable Upto 2 TB17.53 cm (6.9 inch) Display50MP AI Dual Camera7000 mAh BatterySnapdragon 6s Gen 3 5G Processor1 Year Manufacturer Warranty for Phone and 6 Months Warranty for In the Box Accessories,mobiles,Flipkart,https://www.flipkart.com/search?q=smartphones&page=3,2026-04-22 16:12:03
"OnePlus Nord CE5 5G (Black Infinity, 128 GB)",28490,30190,5,5.63,4.5,8 GB RAM | 128 GB ROM17.2 cm (6.77 inch) Display50MP Rear Camera7100 mAh Battery1 Year Warranty,mobiles,Flipkart,https://www.flipkart.com/search?q=smartphones&page=3,2026-04-22 16:12:03
"Samsung M06 5G (Sage Green, 128 GB)",12283,13999,12,12.26,4.1,4 GB RAM | 128 GB ROM17.02 cm (6.7 inch) Display50MP Rear Camera5000 mAh Battery1 Year Manufacturer Warranty for Phone and 6 Months Warranty for In the Box Accessories,mobiles,Flipkart,https://www.flipkart.com/search?q=smartphones&page=3,2026-04-22 16:12:03
"Ai+ Pulse 1 (Purple, 64 GB)",7999,,,,4.3,4 GB RAM | 64 GB ROM | Expandable Upto 1 TB17.13 cm (6.745 inch) HD+ Display50MP Rear Camera | 5MP Front Camera5000 mAh BatteryT615 Processor1 Year Warranty on Handset and 6 Months Warranty on the Inbox Accessories,mobiles,Flipkart,https://www.flipkart.com/search?q=smartphones&page=3,2026-04-22 16:12:03
"POCO C71 (Desert Gold, 128 GB)",9999,,,,4.1,"6 GB RAM | 128 GB ROM | Expandable Upto 2 TB17.48 cm (6.88 inch) HD+ Display32MP Rear Camera | 8MP Front Camera5200 mAh BatteryUnisoc T7250
Max clock speed: 
2 x A75@1.8GHz
6 x A55@1.6GHz Processor1 Year Manufacturer Warranty for Phone and 6 Months Warranty for In the Box Accessories",mobiles,Flipkart,https://www.flipkart.com/search?q=smartphones&page=3,2026-04-22 16:12:03
"POCO C71  - Locked with Airtel Prepaid (Power Black, 64 GB)",8999,,,,3.9,"4 GB RAM | 64 GB ROM | Expandable Upto 2 TB17.48 cm (6.88 inch) HD+ Display32MP Rear Camera | 8MP Front Camera5200 mAh BatteryUnisoc T7250
Max clock speed: 
2 x A75@1.8GHz
6 x A55@1.6GHz Processor1 Year Manufacturer Warranty for Phone and 6 Months Warranty for In the Box Accessories",mobiles,Flipkart,https://www.flipkart.com/search?q=smartphones&page=3,2026-04-22 16:12:03
"POCO C75 5G (Silver Stardust, 64 GB)",10999,,,,4.2,4 GB RAM | 64 GB ROM | Expandable Upto 1 TB17.48 cm (6.88 inch) HD+ Display50MP Rear Camera | 5MP Front Camera5160 mAh Battery4s Gen 2 5G Processor1 Year Manufacturer Warranty for Phone and 6 Months Warranty for In the Box Accessories,mobiles,Flipkart,https://www.flipkart.com/search?q=smartphones&page=3,2026-04-22 16:12:03
"POCO C85 5G (Mystic Purple, 128 GB)",12999,14499,10,10.35,4.1,4 GB RAM | 128 GB ROM | Expandable Upto 1 TB17.53 cm (6.9 inch) HD+ Display50MP Rear Camera | 8MP Front Camera6000 mAh Lithium-Ion Polymer BatteryDimensity 6300 Processor1 Year Manufacturer Warranty for Phone and 6 Months Warranty for In the Box Accessories,mobiles,Flipkart,https://www.flipkart.com/search?q=smartphones&page=3,2026-04-22 16:12:03
"MOTOROLA g35 5G (Guava Red, 128 GB)",13999,15499,9,9.68,4.2,8 GB RAM | 128 GB ROM | Expandable Upto 1 TB17.07 cm (6.72 inch) Full HD+ Display50MP + 8MP | 16MP Front Camera5000 mAh BatteryT760 Processor12 5G Bands with VoNR|4K Video Recording|Vision Booster Technology1 Year on Handset and 6 Months on Accessories,mobiles,Flipkart,https://www.flipkart.com/search?q=smartphones&page=3,2026-04-22 16:12:03
"vivo T4R 5G (Arctic White, 128 GB)",22999,23499,2,2.13,4.5,8 GB RAM | 128 GB ROM17.2 cm (6.77 inch) Display50MP (OIS) + 2MP | 32MP Front Camera5700 mAh BatteryDimensity 7400 5G Processor1 Year Manufacturer Warranty for Device and 6 Months Manufacturer Warranty for Inbox Accessories,mobiles,Flipkart,https://www.flipkart.com/search?q=smartphones&page=3,2026-04-22 16:12:03
"Tecno Pova 7 Pro 5G (Neon Cyan, 256 GB)",19374,23999,19,19.27,4.4,8 GB RAM | 256 GB ROM17.22 cm (6.78 inch) Full HD+ AMOLED Display64MP + 8MP | 13MP Front Camera6000 mAh BatteryDimensity 7300 Ultimate Processor1 Year Manufacturer Warranty for Phone,mobiles,Flipkart,https://www.flipkart.com/search?q=smartphones&page=3,2026-04-22 16:12:03
"POCO C85x (Elite Black, 128 GB)",12499,14499,13,13.79,4.2,4 GB RAM | 128 GB ROM | Expandable Upto 2 TB17.53 cm (6.9 inch) HD+ Display32MP Rear Camera6300 mAh Lithium-Ion Polymer BatteryT8300 Processor1 Year Manufacturer Warranty for Phone and 6 Months Warranty for In the Box Accessories,mobiles,Flipkart,https://www.flipkart.com/search?q=smartphones&page=3,2026-04-22 16:12:03
"Samsung Galaxy F06 5G (Lit Violet, 128 GB)",13999,15499,9,9.68,4.2,6 GB RAM | 128 GB ROM | Expandable Upto 1500 GB17.02 cm (6.7 inch) HD+ Display50MP + 2MP | 8MP Front Camera5000 mAh BatteryDimensity 6300 Processor1 Year Manufacturer Warranty for Device and 6 Months for In-Box Accessories,mobiles,Flipkart,https://www.flipkart.com/search?q=smartphones&page=3,2026-04-22 16:12:03
"POCO C85 5G (Spring Green, 128 GB)",12999,14499,10,10.35,4.1,4 GB RAM | 128 GB ROM | Expandable Upto 1 TB17.53 cm (6.9 inch) HD+ Display50MP Rear Camera | 8MP Front Camera6000 mAh Lithium-Ion Polymer BatteryDimensity 6300 Processor1 Year Manufacturer Warranty for Phone and 6 Months Warranty for In the Box Accessories,mobiles,Flipkart,https://www.flipkart.com/search?q=smartphones&page=3,2026-04-22 16:12:03
"Samsung Galaxy F06 5G (Lit Violet, 64 GB)",11499,12499,8,8.0,4.2,4 GB RAM | 64 GB ROM | Expandable Upto 1500 GB17.02 cm (6.7 inch) HD+ Display50MP + 2MP | 8MP Front Camera5000 mAh BatteryDimensity 6300 Processor1 Year Manufacturer Warranty for Device and 6 Months for In-Box Accessories,mobiles,Flipkart,https://www.flipkart.com/search?q=smartphones&page=3,2026-04-22 16:12:03
"POCO X8 Pro (Black, 256 GB)",32999,43999,25,25.0,4.4,8 GB RAM | 256 GB ROM16.74 cm (6.59 inch) Full HD+ AMOLED Display50MP + 8MP | 20MP Front Camera6500 mAh Lithium-Ion Polymer With Silicon Carbon Technology BatteryDimensity 8500-Ultra Processor1 Year Manufacturer Warranty for Phone and 6 Months Warranty for In the Box Accessories,mobiles,Flipkart,https://www.flipkart.com/search?q=smartphones&page=3,2026-04-22 16:12:03
"MOTOROLA G96 5G (Pantone Greener Pastures, 128 GB)",18999,20999,9,9.52,4.4,8 GB RAM | 128 GB ROM16.94 cm (6.67 inch) Full HD+ Display50MP + 8MP | 32MP Front Camera5500 mAh Battery7s Gen 2 Processor1 Year Warranty on Handset and 6 Months Warranty on Accessories,mobiles,Flipkart,https://www.flipkart.com/search?q=smartphones&page=4,2026-04-22 16:12:15
"realme P4 5G (Steel Grey, 128 GB)",20999,21999,4,4.55,4.4,8 GB RAM | 128 GB ROM17.2 cm (6.77 inch) Display50MP + 8MP | 16MP Front Camera7000 mAh BatteryMediatek Dimensity 7400 Processor1 Year Manufacturer Warranty for Device and 6 Months Manufacturer Warranty for Inbox Accessories,mobiles,Flipkart,https://www.flipkart.com/search?q=smartphones&page=4,2026-04-22 16:12:15
"realme P4 5G (Steel Grey, 256 GB)",22999,23999,4,4.17,4.4,8 GB RAM | 256 GB ROM17.2 cm (6.77 inch) Display50MP + 8MP | 16MP Front Camera7000 mAh BatteryMediatek Dimensity 7400 Processor1 Year Manufacturer Warranty for Device and 6 Months Manufacturer Warranty for Inbox Accessories,mobiles,Flipkart,https://www.flipkart.com/search?q=smartphones&page=4,2026-04-22 16:12:15
"POCO M8 (Glacial Blue, 256 GB)",21999,24999,12,12.0,4.5,8 GB RAM | 256 GB ROM | Expandable Upto 1 TB17.2 cm (6.77 inch) Full HD+ Display50MP Rear Camera | 20MP Front Camera5520 mAh Battery1 Year Manufacturer Warranty for Phone and 6 Months Warranty for In the Box Accessories,mobiles,Flipkart,https://www.flipkart.com/search?q=smartphones&page=4,2026-04-22 16:12:15
"Samsung M06 5G (Sage Green, 128 GB)",13735,15499,11,11.38,4.1,6 GB RAM | 128 GB ROM17.02 cm (6.7 inch) Display50MP Rear Camera5000 mAh Battery1 Year Manufacturer Warranty for Phone and 6 Months Warranty for In the Box Accessories,mobiles,Flipkart,https://www.flipkart.com/search?q=smartphones&page=4,2026-04-22 16:12:15
"realme P4x 5G (Matte Silver, 128 GB)",17499,18999,7,7.9,4.4,8 GB RAM | 128 GB ROM17.07 cm (6.72 inch) Full HD+ Display50MP + 2MP | 8MP Front Camera7000 mAh BatteryDimensity 7400 Ultra Processor1 Year Manufacturer Warranty for Phone and 6 Months Warranty for In-Box Accessories,mobiles,Flipkart,https://www.flipkart.com/search?q=smartphones&page=4,2026-04-22 16:12:15
"MOTOROLA Edge 70 Fusion (Pantone BLUE SURF, 256 GB)",29999,45999,34,34.78,4.4,8 GB RAM | 256 GB ROM17.27 cm (6.8 inch) Super HD Display50MP + 13MP | 32MP Front Camera7000 mAh BatterySnapdragon 7s Gen 4 Processor1 Year on Handset and 6 Months on Accessories,mobiles,Flipkart,https://www.flipkart.com/search?q=smartphones&page=4,2026-04-22 16:12:15
"vivo T4x 5G (Pronto Purple, 128 GB)",16999,17999,5,5.56,4.5,6 GB RAM | 128 GB ROM17.07 cm (6.72 inch) Display50MP + 2MP | 8MP Front Camera6500 mAh BatteryDimensity 7300 5G Processor1 Year Warranty for Device and 6 Months Warranty for Accessories,mobiles,Flipkart,https://www.flipkart.com/search?q=smartphones&page=4,2026-04-22 16:12:15
"vivo T4R 5G (Twilight Blue, 256 GB)",24999,,,,4.5,8 GB RAM | 256 GB ROM17.2 cm (6.77 inch) Display50MP (OIS) + 2MP | 32MP Front Camera5700 mAh BatteryDimensity 7400 5G Processor1 Year Manufacturer Warranty for Device and 6 Months Manufacturer Warranty for Inbox Accessories,mobiles,Flipkart,https://www.flipkart.com/search?q=smartphones&page=4,2026-04-22 16:12:15
"POCO C75 5G (Aqua Bliss, 64 GB)",10999,,,,4.2,4 GB RAM | 64 GB ROM | Expandable Upto 1 TB17.48 cm (6.88 inch) HD+ Display50MP Rear Camera | 5MP Front Camera5160 mAh Battery4s Gen 2 5G Processor1 Year Manufacturer Warranty for Phone and 6 Months Warranty for In the Box Accessories,mobiles,Flipkart,https://www.flipkart.com/search?q=smartphones&page=4,2026-04-22 16:12:15
"realme P4 5G (Engine Blue, 128 GB)",19999,20999,4,4.76,4.4,6 GB RAM | 128 GB ROM17.2 cm (6.77 inch) Display50MP + 8MP | 16MP Front Camera7000 mAh BatteryMediatek Dimensity 7400 Processor1 Year Manufacturer Warranty for Device and 6 Months Manufacturer Warranty for Inbox Accessories,mobiles,Flipkart,https://www.flipkart.com/search?q=smartphones&page=4,2026-04-22 16:12:15
"vivo T5x 5G (Cyber Green, 128 GB)",24999,30999,19,19.36,4.5,8 GB RAM | 128 GB ROM17.17 cm (6.76 inch) Display50MP + 2MP | 32MP Front Camera7200 mAh Li-ion BatteryDimensity 7400-Turbo Processor1 Year Manufacturer Warranty for Device and 6 Months Manufacturer Warranty for Inbox Accessories,mobiles,Flipkart,https://www.flipkart.com/search?q=smartphones&page=4,2026-04-22 16:12:15
"Ai+ Pulse 1 (Pink, 64 GB)",7999,,,,4.3,4 GB RAM | 64 GB ROM | Expandable Upto 1 TB17.13 cm (6.745 inch) HD+ Display50MP Rear Camera | 5MP Front Camera5000 mAh BatteryT615 Processor1 Year Warranty on Handset and 6 Months Warranty on the Inbox Accessories,mobiles,Flipkart,https://www.flipkart.com/search?q=smartphones&page=4,2026-04-22 16:12:15
"Ai+ Pulse 2 (Purple, 128 GB)",9499,11999,20,20.84,4.1,6 GB RAM | 128 GB ROM | Expandable Upto 1 TB17.13 cm (6.745 inch) HD+ Display50MP Rear Camera | 8MP Front Camera6000 mAh BatteryT7250 Processor1 Year Warranty on Handset and 6 Months Warranty on the Inbox Accessories,mobiles,Flipkart,https://www.flipkart.com/search?q=smartphones&page=4,2026-04-22 16:12:15
"realme C71 (Sea Blue, 64 GB)",12849,13999,8,8.21,4.3,4 GB RAM | 64 GB ROM | Expandable Upto 2 TB17.14 cm (6.75 inch) HD+ Display13MP Rear Camera | 5MP Front Camera6300 mAh BatteryT7250 Processor1 Year Manufacturer Warranty for Device and 6 Months Manufacturer Warranty for Inbox Accessories,mobiles,Flipkart,https://www.flipkart.com/search?q=smartphones&page=4,2026-04-22 16:12:15
"Nothing Phone (3a) Lite (Black, 128 GB)",21999,22999,4,4.35,4.5,8 GB RAM | 128 GB ROM43.66 cm (17.19 cm) Full HD+ Display50MP + 8MP + 2MP | 16MP Front Camera5000 mAh Lithium ion BatteryMediaTek Dimensity 7300 Pro Processor1 Year Manufacturing Warranty,mobiles,Flipkart,https://www.flipkart.com/search?q=smartphones&page=4,2026-04-22 16:12:15
"realme C71 (Sea Blue, 128 GB)",9699,10999,11,11.82,4.2,6 GB RAM | 128 GB ROM | Expandable Upto 2 TB17.14 cm (6.75 inch) HD+ Display13MP Rear Camera | 5MP Front Camera6300 mAh BatteryT7250 Processor1 Year Manufacturer Warranty for Device and 6 Months Manufacturer Warranty for Inbox Accessories,mobiles,Flipkart,https://www.flipkart.com/search?q=smartphones&page=4,2026-04-22 16:12:15
"POCO M7 Plus 5G (Carbon Black, 128 GB)",14499,15999,9,9.38,4,4 GB RAM | 128 GB ROM | Expandable Upto 2 TB17.53 cm (6.9 inch) Display50MP Rear Camera7000 mAh BatterySnapdragon 6s Gen 3 5G Processor1 Year Manufacturer Warranty for Phone and 6 Months Warranty for In the Box Accessories,mobiles,Flipkart,https://www.flipkart.com/search?q=smartphones&page=4,2026-04-22 16:12:15
"POCO M8 (Glacial Blue, 128 GB)",17999,21999,18,18.18,4.4,6 GB RAM | 128 GB ROM | Expandable Upto 1 TB17.2 cm (6.77 inch) Full HD+ Display50MP Rear Camera | 20MP Front Camera5520 mAh Battery1 Year Manufacturer Warranty for Phone and 6 Months Warranty for In the Box Accessories,mobiles,Flipkart,https://www.flipkart.com/search?q=smartphones&page=4,2026-04-22 16:12:15
"vivo T5x 5G (Cyber Green, 256 GB)",26999,33999,20,20.59,4.5,8 GB RAM | 256 GB ROM17.17 cm (6.76 inch) Display50MP + 2MP | 32MP Front Camera7200 mAh Li-ion BatteryDimensity 7400-Turbo Processor1 Year Manufacturer Warranty for Device and 6 Months Manufacturer Warranty for Inbox Accessories,mobiles,Flipkart,https://www.flipkart.com/search?q=smartphones&page=4,2026-04-22 16:12:15
"POCO C71 (Power Black, 128 GB)",9999,,,,4.1,"6 GB RAM | 128 GB ROM | Expandable Upto 2 TB17.48 cm (6.88 inch) HD+ Display32MP Rear Camera | 8MP Front Camera5200 mAh BatteryUnisoc T7250
Max clock speed: 
2 x A75@1.8GHz
6 x A55@1.6GHz Processor1 Year Manufacturer Warranty for Phone and 6 Months Warranty for In the Box Accessories",mobiles,Flipkart,https://www.flipkart.com/search?q=smartphones&page=4,2026-04-22 16:12:15
"vivo T4 Pro 5G (Blaze Gold, 256 GB)",29999,34999,14,14.29,4.5,8 GB RAM | 256 GB ROM17.2 cm (6.77 inch) Display50MP + 2MP + 50MP | 32MP Front Camera6500 mAh Battery7 Gen 4 Processor1 Year Manufacturer Warranty for Device and 6 Months Manufacturer Warranty for Inbox Accessories,mobiles,Flipkart,https://www.flipkart.com/search?q=smartphones&page=4,2026-04-22 16:12:15
"MOTOROLA Edge 70 Fusion (Pantone SILHOUETTE, 256 GB)",32999,49999,34,34.0,4.4,12 GB RAM | 256 GB ROM17.27 cm (6.8 inch) Super HD Display50MP + 13MP | 32MP Front Camera7000 mAh BatterySnapdragon 7s Gen 4 Processor1 Year on Handset and 6 Months on Accessories,mobiles,Flipkart,https://www.flipkart.com/search?q=smartphones&page=4,2026-04-22 16:12:15
"POCO C85x (Sunset Gold, 128 GB)",12499,14499,13,13.79,4.2,4 GB RAM | 128 GB ROM | Expandable Upto 2 TB17.53 cm (6.9 inch) HD+ Display32MP Rear Camera6300 mAh Lithium-Ion Polymer BatteryT8300 Processor1 Year Manufacturer Warranty for Phone and 6 Months Warranty for In the Box Accessories,mobiles,Flipkart,https://www.flipkart.com/search?q=smartphones&page=4,2026-04-22 16:12:15
"vivo T4 Lite 5G Charger in the Box (Prism Blue, 64 GB)",12999,,,,4.4,4 GB RAM | 64 GB ROM | Expandable Upto 2 TB17.12 cm (6.74 inch) HD+ Display50MP + 2MP | 5MP Front Camera6000 mAh BatteryDimensity 6300 5G Processor1 Year Manufacturer Warranty for Device and 6 Months Manufacturer Warranty for Inbox Accessories,mobiles,Flipkart,https://www.flipkart.com/search?q=smartphones&page=5,2026-04-22 16:12:26
"realme P4x 5G (Lake Green, 128 GB)",17499,18999,7,7.9,4.4,8 GB RAM | 128 GB ROM17.07 cm (6.72 inch) Full HD+ Display50MP + 2MP | 8MP Front Camera7000 mAh BatteryDimensity 7400 Ultra Processor1 Year Manufacturer Warranty for Phone and 6 Months Warranty for In-Box Accessories,mobiles,Flipkart,https://www.flipkart.com/search?q=smartphones&page=5,2026-04-22 16:12:26
"POCO M7 5G - Locked with Airtel Prepaid (Ocean Blue, 128 GB)",12999,,,,3.7,6 GB RAM | 128 GB ROM | Expandable Upto 1 TB17.48 cm (6.88 inch) HD+ Display50MP Rear Camera | 8MP Front Camera5160 mAh Battery4 Gen 2 5G Processor1 Year Manufacturer Warranty for Phone and 6 Months Warranty for In the Box Accessories,mobiles,Flipkart,https://www.flipkart.com/search?q=smartphones&page=5,2026-04-22 16:12:26
"vivo T4 Lite 5G Charger in the Box (Titanium Gold, 128 GB)",13999,,,,4.4,4 GB RAM | 128 GB ROM | Expandable Upto 2 TB17.12 cm (6.74 inch) HD+ Display50MP + 2MP | 5MP Front Camera6000 mAh BatteryDimensity 6300 5G Processor1 Year Manufacturer Warranty for Device and 6 Months Manufacturer Warranty for Inbox Accessories,mobiles,Flipkart,https://www.flipkart.com/search?q=smartphones&page=5,2026-04-22 16:12:26
"MOTOROLA g35 5G (Midnight Black, 128 GB)",13999,15499,9,9.68,4.2,8 GB RAM | 128 GB ROM | Expandable Upto 1 TB17.07 cm (6.72 inch) Full HD+ Display50MP + 8MP | 16MP Front Camera5000 mAh BatteryT760 Processor12 5G Bands with VoNR|4K Video Recording|Vision Booster Technology1 Year on Handset and 6 Months on Accessories,mobiles,Flipkart,https://www.flipkart.com/search?q=smartphones&page=5,2026-04-22 16:12:26
"Ai+ Pulse 1 (Green, 64 GB)",7999,,,,4.3,4 GB RAM | 64 GB ROM | Expandable Upto 1 TB17.13 cm (6.745 inch) HD+ Display50MP Rear Camera | 5MP Front Camera5000 mAh BatteryT615 Processor1 Year Warranty on Handset and 6 Months Warranty on the Inbox Accessories,mobiles,Flipkart,https://www.flipkart.com/search?q=smartphones&page=5,2026-04-22 16:12:26
"POCO M8 (Glacial Blue, 128 GB)",19999,22999,13,13.04,4.5,8 GB RAM | 128 GB ROM | Expandable Upto 1 TB17.2 cm (6.77 inch) Full HD+ Display50MP Rear Camera | 20MP Front Camera5520 mAh Battery1 Year Manufacturer Warranty for Phone and 6 Months Warranty for In the Box Accessories,mobiles,Flipkart,https://www.flipkart.com/search?q=smartphones&page=5,2026-04-22 16:12:26
"MOTOROLA G96 5G (Pantone Greener Pastures, 256 GB)",19999,22999,13,13.04,4.4,8 GB RAM | 256 GB ROM16.94 cm (6.67 inch) Full HD+ Display50MP + 8MP | 32MP Front Camera5500 mAh Battery7s Gen 2 Processor1 Year Warranty on Handset and 6 Months Warranty on Accessories,mobiles,Flipkart,https://www.flipkart.com/search?q=smartphones&page=5,2026-04-22 16:12:26
"realme P4 5G (Forge Red, 128 GB)",19999,20999,4,4.76,4.4,6 GB RAM | 128 GB ROM17.2 cm (6.77 inch) Display50MP + 8MP | 16MP Front Camera7000 mAh BatteryMediatek Dimensity 7400 Processor1 Year Manufacturer Warranty for Device and 6 Months Manufacturer Warranty for Inbox Accessories,mobiles,Flipkart,https://www.flipkart.com/search?q=smartphones&page=5,2026-04-22 16:12:26
"Tecno Spark Go 1 (Magic Skin Green, 64 GB)",6899,8599,19,19.77,4.3,3 GB RAM | 64 GB ROM | Expandable Upto 1 TB16.94 cm (6.67 inch) Display13MP Rear Camera | 8MP Front Camera5000 mAh BatteryUnisoc T61 Processor1 Year Manufacturer Warranty for Phone,mobiles,Flipkart,https://www.flipkart.com/search?q=smartphones&page=5,2026-04-22 16:12:26
"POCO F7 5G (Frost White, 256 GB)",35999,,,,4.4,"12 GB RAM | 256 GB ROM17.35 cm (6.83 inch) Display50MP Rear Camera | 20MP Front Camera7550 mAh Li-Polymer + Silicon Carbon Battery8s Gen 4 ProcessorRear Camera -50MP Main Camera -8MP Ultra-wide Camera with night mode and ultra-wide video recordingFront camera -20MP with Portrait Mode | | Front Video Recording | Night ModeDisplay -6.83 inch 1.5K pOLED with 120 Hz refresh rateBattery 7550mAh, 90W charger, 22.5W reverse charging1 Year Manufacturer Warranty for Phone and 6 Months Warranty for In the Box Accessories",mobiles,Flipkart,https://www.flipkart.com/search?q=smartphones&page=5,2026-04-22 16:12:26
"MOTOROLA g05 (Plum Red, 64 GB)",7299,9999,27,27.0,4.2,4 GB RAM | 64 GB ROM | Expandable Upto 1 TB16.94 cm (6.67 inch) HD+ Display50MP Rear Camera | 8MP Front Camera5100 mAh BatteryHelio G81 Processor1 Year Warranty on Handset and 6 Months Warranty on Accessories,mobiles,Flipkart,https://www.flipkart.com/search?q=smartphones&page=5,2026-04-22 16:12:26
"POCO C85 5G (Mystic Purple, 128 GB)",14499,15499,6,6.45,4.3,6 GB RAM | 128 GB ROM | Expandable Upto 1 TB17.53 cm (6.9 inch) HD+ Display50MP Rear Camera | 8MP Front Camera6000 mAh Lithium-Ion Polymer BatteryDimensity 6300 Processor1 Year Manufacturer Warranty for Phone and 6 Months Warranty for In the Box Accessories,mobiles,Flipkart,https://www.flipkart.com/search?q=smartphones&page=5,2026-04-22 16:12:26
"vivo T4x 5G (Pronto Purple, 128 GB)",18999,19499,2,2.56,4.4,8 GB RAM | 128 GB ROM17.07 cm (6.72 inch) Display50MP + 2MP | 8MP Front Camera6500 mAh BatteryDimensity 7300 5G Processor1 Year Warranty for Device and 6 Months Warranty for Accessories,mobiles,Flipkart,https://www.flipkart.com/search?q=smartphones&page=5,2026-04-22 16:12:26
"MOTOROLA Edge 70 Fusion (Pantone BLUE SURF, 128 GB)",26999,42999,37,37.21,4.4,8 GB RAM | 128 GB ROM17.27 cm (6.8 inch) Super HD Display50MP + 13MP | 32MP Front Camera7000 mAh BatterySnapdragon 7s Gen 4 Processor1 Year on Handset and 6 Months on Accessories,mobiles,Flipkart,https://www.flipkart.com/search?q=smartphones&page=5,2026-04-22 16:12:26
"realme P4x 5G (Lake Green, 128 GB)",16499,17999,8,8.33,4.4,6 GB RAM | 128 GB ROM17.07 cm (6.72 inch) Full HD+ Display50MP + 2MP | 8MP Front Camera7000 mAh BatteryDimensity 7400 Ultra Processor1 Year Manufacturer Warranty for Phone and 6 Months Warranty for In-Box Accessories,mobiles,Flipkart,https://www.flipkart.com/search?q=smartphones&page=5,2026-04-22 16:12:26
"realme P4x 5G (Elegant Pink, 128 GB)",16499,17999,8,8.33,4.4,6 GB RAM | 128 GB ROM17.07 cm (6.72 inch) Full HD+ Display50MP + 2MP | 8MP Front Camera7000 mAh BatteryDimensity 7400 Ultra Processor1 Year Manufacturer Warranty for Phone and 6 Months Warranty for In-Box Accessories,mobiles,Flipkart,https://www.flipkart.com/search?q=smartphones&page=5,2026-04-22 16:12:26
"POCO F7 5G (Frost White, 512 GB)",37999,,,,4.4,"12 GB RAM | 512 GB ROM17.35 cm (6.83 inch) Display50MP Rear Camera | 20MP Front Camera7550 mAh Li-Polymer + Silicon Carbon Battery8s Gen 4 ProcessorRear Camera -50MP Main Camera -8MP Ultra-wide Camera with night mode and ultra-wide video recordingFront camera -20MP with Portrait Mode | | Front Video Recording | Night ModeDisplay -6.83 inch 1.5K pOLED with 120 Hz refresh rateBattery 7550mAh, 90W charger, 22.5W reverse charging1 Year Manufacturer Warranty for Phone and 6 Months Warranty for In the Box Accessories",mobiles,Flipkart,https://www.flipkart.com/search?q=smartphones&page=5,2026-04-22 16:12:26
"vivo T4 5G (Phantom Grey, 128 GB)",24999,25999,3,3.85,4.5,8 GB RAM | 128 GB ROM17.2 cm (6.77 inch) Display50MP (OIS) + 2MP | 32MP Front Camera7300 mAh BatterySnapdragon 7s Gen 3 5G Processor1 Year Warranty on the Handset and 6 Months Warranty on Inbox Accessories,mobiles,Flipkart,https://www.flipkart.com/search?q=smartphones&page=5,2026-04-22 16:12:26
"Tecno Spark Go 2 (Titanium Grey, 64 GB)",7499,8999,16,16.67,4.3,4 GB RAM | 64 GB ROM | Expandable Upto 1 TB16.94 cm (6.67 inch) Display13MP Rear Camera5000 mAh Lithium Polymer BatteryT7250 Processor1 Year Manufacturer Warranty for Phone,mobiles,Flipkart,https://www.flipkart.com/search?q=smartphones&page=5,2026-04-22 16:12:26
"vivo T4x 5G (Marine Blue, 128 GB)",18999,19499,2,2.56,4.4,8 GB RAM | 128 GB ROM17.07 cm (6.72 inch) Display50MP + 2MP | 8MP Front Camera6500 mAh BatteryDimensity 7300 5G Processor1 Year Warranty for Device and 6 Months Warranty for Accessories,mobiles,Flipkart,https://www.flipkart.com/search?q=smartphones&page=5,2026-04-22 16:12:26
"POCO C71  - Locked with Airtel Prepaid (Cool Blue, 64 GB)",8999,,,,3.9,"4 GB RAM | 64 GB ROM | Expandable Upto 2 TB17.48 cm (6.88 inch) HD+ Display32MP Rear Camera | 8MP Front Camera5200 mAh BatteryUnisoc T7250
Max clock speed: 
2 x A75@1.8GHz
6 x A55@1.6GHz Processor1 Year Manufacturer Warranty for Phone and 6 Months Warranty for In the Box Accessories",mobiles,Flipkart,https://www.flipkart.com/search?q=smartphones&page=5,2026-04-22 16:12:26
"POCO C55 (Power Black, 64 GB)",9499,11999,20,20.84,4.2,4 GB RAM | 64 GB ROM | Expandable Upto 1 TB17.04 cm (6.71 inch) HD+ Display50MP Dual Rear Camera | 5MP Front Camera5000 mAh BatteryMediatek Helio G85 Processor1 Year Manufacturer Warranty for Phone and 6 Months Warranty for In the Box Accessories,mobiles,Flipkart,https://www.flipkart.com/search?q=smartphones&page=5,2026-04-22 16:12:26
"POCO C51 - Locked with Airtel Prepaid (Power Black, 64 GB)",8499,9999,15,15.0,4,4 GB RAM | 64 GB ROM | Expandable Upto 1 TB16.56 cm (6.52 inch) HD+ Display8MP Dual Rear Camera | 5MP Front Camera5000 mAh BatteryHelio G36 Processor1 Year Manufacturer Warranty for Phone and 6 Months Warranty for in the Box Accessories,mobiles,Flipkart,https://www.flipkart.com/search?q=smartphones&page=5,2026-04-22 16:12:26
ASUS Chromebook CX14 Intel Celeron Dual Core N4500 - (4 GB/64 GB EMMC Storage/Chrome OS) CX1405CKA-NK0...,17990,21990,18,18.19,3.9,Intel Celeron Dual Core Processor4 GB LPDDR4X RAMChrome Operating System35.56 cm (14 Inch) DisplayMyASUS1 Year Onsite Warranty,laptops,Flipkart,https://www.flipkart.com/search?q=laptops&page=1,2026-04-22 16:12:37
ASUS Chromebook CX15 Intel Celeron Dual Core N50 - (4 GB/128 GB EMMC Storage/Chrome OS) CX1505CTA-S702...,22990,26990,14,14.82,4.5,Intel Celeron Dual Core Processor4 GB LPDDR5 RAMChrome Operating System39.62 cm (15.6 inch) DisplayMyASUS1 Year Onsite Warranty,laptops,Flipkart,https://www.flipkart.com/search?q=laptops&page=1,2026-04-22 16:12:37
Lenovo Yoga Slim 7 Ultra 9 185H WUXGA OLED with 1Yr ADP Intel Core Ultra 9 185H - (32 GB/1 TB SSD/Wind...,114990,158090,27,27.26,4.7,Intel Core Ultra 9 Processor32 GB LPDDR5 RAMWindows 11 Operating System1 TB SSD35.56 cm (14 inch) Display1 Year Courier/ Carry-in Warranty,laptops,Flipkart,https://www.flipkart.com/search?q=laptops&page=1,2026-04-22 16:12:37
Ultimus Pro Intel Dual Core N4020 - (4 GB/128 GB EMMC Storage/Windows 11 Home) NU14U3CNC43BN-MB Thin a...,15905,27990,43,43.18,3.7,Intel Dual Core Processor4 GB DDR4 RAM64 bit Windows 11 Home Operating System35.81 cm (14.1 Inch) DisplayPre loaded windows APP1 Year Manufacturing Warranty,laptops,Flipkart,https://www.flipkart.com/search?q=laptops&page=1,2026-04-22 16:12:37
ASUS ExpertBook P1 (i5 14th Gen) with 1 Yr ADP Intel Core 5 210H - (16 GB/512 GB SSD/Windows 11 Home) ...,55990,89990,37,37.78,4.3,Intel Core 5 Processor16 GB DDR5 RAM64 bit Windows 11 Home Operating System512 GB SSD39.62 cm (15.6 Inch) Display1 Year Limited Warranty,laptops,Flipkart,https://www.flipkart.com/search?q=laptops&page=1,2026-04-22 16:12:37
DELL Inspiron 15 Microsoft Office Home 2024 Intel Core i7 13th Gen 1355U - (16 GB/512 GB SSD/Windows 1...,69990,73911,5,5.31,4.2,Intel Core i7 Processor (13th Gen)16 GB DDR4 RAMWindows 11 Operating System512 GB SSD39.62 cm (15.6 Inch) DisplayMicrosoft Office Home 2024 | Dell Support Assist1 Year Onsite Hardware Service,laptops,Flipkart,https://www.flipkart.com/search?q=laptops&page=1,2026-04-22 16:12:37
Acer Aspire Lite AMD Ryzen 3 Quad Core 5300U - (8 GB/512 GB SSD/Windows 11 Home) AL15-41 Thin and Ligh...,39990,44990,11,11.11,4.1,AMD Ryzen 3 Quad Core Processor8 GB DDR4 RAMWindows 11 Operating System512 GB SSD39.62 cm (15.6 Inch) Display1 Year Carry-in Warranty,laptops,Flipkart,https://www.flipkart.com/search?q=laptops&page=1,2026-04-22 16:12:37
ASUS Vivobook 15 (2025) with Office 2024 + M365 Basic* Intel Core i3 13th Gen - (8 GB/512 GB SSD/Windo...,40990,50990,19,19.61,4.3,Intel Core i3 Processor (13th Gen)8 GB DDR5 RAMWindows 11 Home Operating System512 GB SSD39.62 cm (15.6 Inch) DisplayMicrosoft Office Home 2024 + Microsoft 365 Basic1 Year Onsite Warranty,laptops,Flipkart,https://www.flipkart.com/search?q=laptops&page=1,2026-04-22 16:12:37
ASUS Vivobook Go 15 AMD Ryzen 5 Quad Core 7520U - (8 GB/512 GB SSD/Windows 11 Home) E1504FA-NJ133WS | ...,40990,50990,19,19.61,4.3,AMD Ryzen 5 Quad Core Processor8 GB LPDDR5 RAMWindows 11 Home Operating System512 GB SSD39.62 cm (15.6 Inch) DisplayMicrosoft Office Home 2024 + Microsoft 365 Basic1 Year Onsite Warranty,laptops,Flipkart,https://www.flipkart.com/search?q=laptops&page=1,2026-04-22 16:12:37
Lenovo IdeaPad Slim 3 with 1Yr ADP AMD Ryzen 5 Quad Core 7520U - (16 GB/512 GB SSD/Windows 11 Home) 15...,50990,59090,13,13.71,4.1,AMD Ryzen 5 Quad Core Processor16 GB LPDDR5 RAMWindows 11 Operating System512 GB SSD39.62 cm (15.6 Inch) DisplayMicrosoft Office Home & Student 20211 Yr. Onsite + 1 Yr. Accidental Damage Protection,laptops,Flipkart,https://www.flipkart.com/search?q=laptops&page=1,2026-04-22 16:12:37
ASUS Chromebook CX14 Intel Celeron Dual Core N50 - (4 GB/512 GB SSD/128 GB EMMC Storage/Chrome OS) CX1...,24990,,,,4.5,Intel Celeron Dual Core Processor4 GB LPDDR5 RAMChrome Operating System512 GB SSD35.56 cm (14 inch) DisplayMyASUS1 Year Onsite Warranty,laptops,Flipkart,https://www.flipkart.com/search?q=laptops&page=1,2026-04-22 16:12:37
DELL Inspiron 15 Microsoft Office Home 2024 Intel Core i5 13th Gen 1334U - (8 GB/512 GB SSD/Windows 11...,54990,63416,13,13.29,4.2,Intel Core i5 Processor (13th Gen)8 GB DDR4 RAM64 bit Windows 11 Operating System512 GB SSD39.62 cm (15.6 Inch) DisplayMicrosoft Office Home 2024 | Dell Support Assist1 Year Onsite Hardware Service,laptops,Flipkart,https://www.flipkart.com/search?q=laptops&page=1,2026-04-22 16:12:37
Ultimus APEX Pro Intel Pentium Quad Core N4200 - (4 GB/128 GB SSD/128 GB EMMC Storage/Windows 11 Home)...,16499,24999,34,34.0,3.5,Intel Pentium Quad Core Processor4 GB DDR3 RAM64 bit Windows 11 Home Operating System128 GB SSD35.81 cm (14.1 Inch) DisplayPre loaded windows APP1 Year Manufacturing Warranty (Battery And Charger Only 6 Month Warranty),laptops,Flipkart,https://www.flipkart.com/search?q=laptops&page=1,2026-04-22 16:12:37
Lenovo Chromebook MediaTek Kompanio 520 - (8 GB/128 GB EMMC Storage/Chrome OS) 14M868 Thin and Light L...,21990,30790,28,28.58,3.9,MediaTek Kompanio 520 Processor8 GB LPDDR4X RAMChrome Operating System35.56 cm (14 Inch) Display1 Year Carry-in Warranty,laptops,Flipkart,https://www.flipkart.com/search?q=laptops&page=1,2026-04-22 16:12:37
Acer Aspire 3 Intel Core i3 12th Gen 1215U - (8 GB/512 GB SSD/Windows 11 Home) A324-51 Thin and Light ...,36990,43000,13,13.98,4.2,Intel Core i3 Processor (12th Gen)8 GB DDR4 RAM64 bit Windows 11 Operating System512 GB SSD35.56 cm (14 Inch) Display1 Year Domestic Warranty,laptops,Flipkart,https://www.flipkart.com/search?q=laptops&page=1,2026-04-22 16:12:37
Lenovo IdeaPad Slim 3 AMD Ryzen 7 Octa Core 8840H Office 2024 and Backlit Keyboard AMD Ryzen 7 Octa Co...,78990,94890,16,16.76,4.4,AMD Ryzen 7 Octa Core Processor24 GB DDR5 RAMWindows 11 Home Operating System1 TB SSD38.86 cm (15.3 Inch) DisplayOffice Home 20241 Year Onsite Warranty,laptops,Flipkart,https://www.flipkart.com/search?q=laptops&page=1,2026-04-22 16:12:37
HP 14 AI PC Intel Core Ultra 7 - (16 GB/1 TB SSD/Windows 11 Home) 14-ep1152TU Thin and Light Laptop,82990,85991,3,3.49,4.1,Intel Core Ultra 7 Processor16 GB DDR5 RAMWindows 11 Home Operating System1 TB SSD35.56 cm (14 Inch) Display1 Year Onsite Warranty,laptops,Flipkart,https://www.flipkart.com/search?q=laptops&page=1,2026-04-22 16:12:37
HP AMD Ryzen 7 Octa Core - (16 GB/512 GB SSD/Windows 11 Home) 15-fc0761AU Laptop,62990,65387,3,3.67,4.8,AMD Ryzen 7 Octa Core Processor16 GB DDR4 RAMWindows 11 Home Operating System512 GB SSD39.62 cm (15.6 inch) DisplayMS Office Home 2024 + MISC PC Game Pass DA 3M1 Year Onsite Service,laptops,Flipkart,https://www.flipkart.com/search?q=laptops&page=1,2026-04-22 16:12:37
"ASUS Vivobook Go 15 (2025) with Office 2024 + M365 Basic*, AMD Ryzen 5 Quad Core 7520U - (8 GB/512 GB ...",40990,48990,16,16.33,4.4,"AMD Ryzen 5 Quad Core Processor8 GB LPDDR5 RAMWindows 11 Home Operating System512 GB SSD39.62 cm (15.6 Inch) DisplayMicrosoft Office Home 2024 (Lifetime Validity ) + Microsoft 365 Basic*(1-Year Validity), McAfee 1 year1 Year Onsite Warranty",laptops,Flipkart,https://www.flipkart.com/search?q=laptops&page=1,2026-04-22 16:12:37
Acer Aspire 3 Intel Pentium Quad Core N4500 - (12 GB/512 GB SSD/Windows 11 Home) A325-45 Thin and Ligh...,39990,46990,14,14.9,3.9,Intel Pentium Quad Core Processor12 GB LPDDR4X RAMWindows 11 Home Operating System512 GB SSD39.62 cm (15.6 Inch) Display1 Year International Travelers Warranty (ITW),laptops,Flipkart,https://www.flipkart.com/search?q=laptops&page=1,2026-04-22 16:12:37
DELL 14 Microsoft Office Home 2024 AMD Ryzen 5 Hexa Core AI 5 340 - (16 GB/512 GB SSD/Windows 11 Home)...,72490,92833,21,21.91,,AMD Ryzen 5 Hexa Core Processor16 GB LPDDR5X RAMWindows 11 Operating System512 GB SSD35.56 cm (14 Inch) DisplayMicrosoft Office Home 2024 | Dell Support Assist1 Year Onsite Hardware Service,laptops,Flipkart,https://www.flipkart.com/search?q=laptops&page=1,2026-04-22 16:12:37
HP 14 AI PC Intel Core Ultra 7 - (24 GB/1 TB SSD/Windows 11 Home) 14-ep1181TU Thin and Light Laptop,86990,88415,1,1.61,4.1,Intel Core Ultra 7 Processor24 GB DDR5 RAMWindows 11 Home Operating System1 TB SSD35.56 cm (14 Inch) Display1 Year Onsite Warranty,laptops,Flipkart,https://www.flipkart.com/search?q=laptops&page=1,2026-04-22 16:12:37
HP Intel Core i7 13th Gen 13620H - (16 GB/512 GB SSD/Windows 11 Home) 15-fr0046TU Thin and Light Lapto...,71990,77507,7,7.12,4.3,Intel Core i7 Processor (13th Gen)16 GB DDR4 RAMWindows 11 Home Operating System512 GB SSD39.62 cm (15.6 Inch) Display1 Year Onsite Warranty,laptops,Flipkart,https://www.flipkart.com/search?q=laptops&page=1,2026-04-22 16:12:37
"ASUS Vivobook 15, with Backlit Keyboard, Intel Core i3 13th Gen 1315U - (8 GB/512 GB SSD/Windows 11 Ho...",42990,50990,15,15.69,4.3,Intel Core i3 Processor (13th Gen)8 GB DDR4 RAMWindows 11 Operating System512 GB SSD39.62 cm (15.6 Inch) Display1 Year Onsite warranty,laptops,Flipkart,https://www.flipkart.com/search?q=laptops&page=1,2026-04-22 16:12:37
Primebook 2 Pro (2025) in-Built AI MediaTek Helio G99 (MT8781) - (8 GB/128 GB/Android 15) PBG9914128#4...,24990,29990,16,16.67,4.3,MediaTek Helio G99 (MT8781) Processor8 GB LPDDR4X RAM64 bit Android Operating System35.81 cm (14.1 Inch) Display1 Year Onsite Warranty,laptops,Flipkart,https://www.flipkart.com/search?q=laptops&page=2,2026-04-22 16:12:49
DELL Inspiron 15 (Core i3 14th Gen) Intel Core 3 100U - (8 GB/512 GB SSD/Windows 11 Home) DC15250 Thin...,47990,49990,4,4.0,4.3,Intel Core 3 Processor8 GB DDR4 RAMWindows 11 Home Operating System512 GB SSD38.1 cm (15 Inch) Display1 Year Onsite Hardware Service,laptops,Flipkart,https://www.flipkart.com/search?q=laptops&page=2,2026-04-22 16:12:49
Lenovo IdeaPad Slim 3 Backlit Keyboard with MSO'2024 Intel Core i5 13th Gen 13420H - (24 GB/1 TB SSD/W...,74490,87990,15,15.34,4.4,Intel Core i5 Processor (13th Gen)24 GB DDR5 RAMWindows 11 Home Operating System1 TB SSD38.86 cm (15.3 Inch) DisplayOffice Home 20241 Year Onsite Warranty,laptops,Flipkart,https://www.flipkart.com/search?q=laptops&page=2,2026-04-22 16:12:49
Acer Swift Neo Office 2024 + M365 Basic Intel Core Ultra 7 155U - (16 GB/512 GB SSD/Windows 11 Home) S...,64500,99990,35,35.49,4.1,Intel Core Ultra 7 Processor16 GB LPDDR5 RAM64 bit Windows 11 Home Operating System512 GB SSD35.56 cm (14 Inch) Display1 Year Warranty,laptops,Flipkart,https://www.flipkart.com/search?q=laptops&page=2,2026-04-22 16:12:49
ASUS Vivobook Go 15 AMD Ryzen 3 Quad Core 7320U - (8 GB/512 GB SSD/Windows 11 Home) E1504FA-NJ130WS | ...,35490,43990,19,19.32,4.3,AMD Ryzen 3 Quad Core Processor8 GB LPDDR5 RAMWindows 11 Home Operating System512 GB SSD39.62 cm (15.6 Inch) DisplayMicrosoft Office Home 2024 + Microsoft 365 Basic1 Year Onsite Warranty,laptops,Flipkart,https://www.flipkart.com/search?q=laptops&page=2,2026-04-22 16:12:49
Lenovo IdeaPad Slim 5 WUXGA OLED Full Metal Body with 1Yr ADP Intel Core i5 13th Gen 13420H - (16 GB/5...,69990,85390,18,18.03,4.3,Intel Core i5 Processor (13th Gen)16 GB DDR5 RAMWindows 11 Home Operating System512 GB SSD35.56 cm (14 Inch) DisplayOffice Home 20241 Year Onsite Warranty,laptops,Flipkart,https://www.flipkart.com/search?q=laptops&page=2,2026-04-22 16:12:49
HP Victus AMD Ryzen 7 Hexa Core 7445H - (16 GB/512 GB SSD/Windows 11 Home/4 GB Graphics/NVIDIA GeForce...,65990,74024,10,10.85,4,AMD Ryzen 7 Hexa Core Processor16 GB DDR5 RAM64 bit Windows 11 Home Operating System512 GB SSD39.62 cm (15.6 Inch) DisplayMS Office Home 2024 + MISC PC Game Pass DA 3M1 Year Limited Warranty,laptops,Flipkart,https://www.flipkart.com/search?q=laptops&page=2,2026-04-22 16:12:49
Acer Aspire 3 Intel Core i5 13th Gen 1334U - (16 GB/512 GB SSD/Windows 11 Home) A324-53 Thin and Light...,57520,59900,3,3.97,4.3,Intel Core i5 Processor (13th Gen)16 GB DDR4 RAMWindows 11 Operating System512 GB SSD35.56 cm (14 Inch) Display1 Year Carry-in Warranty,laptops,Flipkart,https://www.flipkart.com/search?q=laptops&page=2,2026-04-22 16:12:49
"ASUS Vivobook 15 (2025) with Touchscreen & Backlit Keyboard, Intel Core i3 13th Gen 1315U - (8 GB/512 ...",49990,55990,10,10.72,4.3,"Intel Core i3 Processor (13th Gen)8 GB DDR4 RAMWindows 11 Home Operating System512 GB SSD39.62 cm (15.6 Inch) Touchscreen DisplayMicrosoft Office Home 2024 (Lifetime Validity ) + Microsoft 365 Basic*(1-Year Validity), One-Month Membership of Adobe Creative Cloud All Apps, McAfee 1 year1 Year Onsite Warranty",laptops,Flipkart,https://www.flipkart.com/search?q=laptops&page=2,2026-04-22 16:12:49
Lenovo LOQ Essential Intel Core i7 12650HX - (16 GB/512 GB SSD/Windows 11 Home/6 GB Graphics/NVIDIA Ge...,99990,109990,9,9.09,4.2,Intel Core i7 Processor16 GB DDR5 RAMWindows 11 Home Operating System512 GB SSD39.62 cm (15.6 Inch) Display1 Year Carry-in Warranty,laptops,Flipkart,https://www.flipkart.com/search?q=laptops&page=2,2026-04-22 16:12:49
"ASUS Vivobook 15, with Backlit Keyboard, Intel Core i3 13th Gen 1315U - (16 GB/512 GB SSD/Windows 11 H...",46990,54990,14,14.55,4.3,Intel Core i3 Processor (13th Gen)16 GB DDR4 RAMWindows 11 Home Operating System512 GB SSD39.62 cm (15.6 Inch) DisplayMicrosoft Office Home 2024 + Microsoft 365 Basic1 Year Onsite Warranty,laptops,Flipkart,https://www.flipkart.com/search?q=laptops&page=2,2026-04-22 16:12:49
ASUS Vivobook Go 15 AMD Ryzen 5 Quad Core 7520U - (8 GB/512 GB SSD/Windows 11 Home) E1504FA-NJ132WS | ...,40990,50990,19,19.61,4.2,AMD Ryzen 5 Quad Core Processor8 GB LPDDR5 RAMWindows 11 Operating System512 GB SSD39.62 cm (15.6 Inch) Display1 Year Onsite Warranty,laptops,Flipkart,https://www.flipkart.com/search?q=laptops&page=2,2026-04-22 16:12:49
ASUS TUF Gaming A15 (2025) AMD Ryzen 7 Hexa Core 7445HS - (16 GB/512 GB SSD/Windows 11 Home/4 GB Graph...,71990,83990,14,14.29,4.4,AMD Ryzen 7 Hexa Core Processor16 GB DDR5 RAMWindows 11 Home Operating System512 GB SSD39.62 cm (15.6 Inch) Display1 Year Onsite Warranty,laptops,Flipkart,https://www.flipkart.com/search?q=laptops&page=2,2026-04-22 16:12:49
Acer NITRO LITE 16 Intel Core i5 13th Gen 13420H - (16 GB/512 GB SSD/Windows 11 Home/6 GB Graphics/NVI...,62990,84999,25,25.89,4.4,Intel Core i5 Processor (13th Gen)16 GB DDR5 RAM64 bit Windows 11 Home Operating System512 GB SSD40.64 cm (16 Inch) Display1 Year Warranty,laptops,Flipkart,https://www.flipkart.com/search?q=laptops&page=2,2026-04-22 16:12:49
Lenovo IdeaPad 1 Intel Celeron Dual Core N4500 - (8 GB/512 GB SSD/Windows 11 Home) IdeaPad 1 15IJL7 Th...,42900,49000,12,12.45,4.1,Intel Celeron Dual Core Processor8 GB DDR4 RAMWindows 11 Home Operating System512 GB SSD39.62 cm (15.6 Inch) Display1 Year Onsite Warranty,laptops,Flipkart,https://www.flipkart.com/search?q=laptops&page=3,2026-04-22 16:13:01
DELL G15 Microsoft Office Home 2024 Intel Core i5 13th Gen 13450HX - (16 GB/1 TB SSD/Windows 11 Home/6...,83123,105000,20,20.84,4.2,Intel Core i5 Processor (13th Gen)16 GB DDR5 RAMWindows 11 Operating System1 TB SSD39.62 cm (15.6 Inch) DisplayMicrosoft Office Home 2024 | Dell Support Assist1 Year Onsite Warranty,laptops,Flipkart,https://www.flipkart.com/search?q=laptops&page=3,2026-04-22 16:13:01
"ASUS Vivobook 15 (2025) (i5 14th Gen) with MSO 2024 + M365 Basic*, Backlit Keyboard, Intel Core 5 120U...",58990,75000,21,21.35,4.3,"Intel Core 5 Processor16 GB DDR4 RAMWindows 11 Home Operating System512 GB SSD39.62 cm (15.6 Inch) DisplayMicrosoft Office Home 2024 (Lifetime Validity ) + Microsoft 365 Basic*(1-Year Validity), One-Month Membership of Adobe Creative Cloud All Apps, McAfee 1 year1 Year Onsite Warranty",laptops,Flipkart,https://www.flipkart.com/search?q=laptops&page=3,2026-04-22 16:13:01
Lenovo IdeaPad Slim 3 with 1Yr ADP Intel Core i5 12th Gen 12450H - (16 GB/512 GB SSD/Windows 11 Home) ...,61900,71996,14,14.02,4.2,Intel Core i5 Processor (12th Gen)16 GB DDR4 RAMWindows 11 Home Operating System512 GB SSD39.62 cm (15.6 Inch) Display1 Year Warranty,laptops,Flipkart,https://www.flipkart.com/search?q=laptops&page=3,2026-04-22 16:13:01
Lenovo Chromebook Intel Pentium Quad Core N100 - (4 GB/128 GB EMMC Storage/Chrome OS) 14IAN8 Chromeboo...,18990,36690,48,48.24,3.8,Intel Pentium Quad Core Processor4 GB LPDDR5 RAMChrome Operating System35.56 cm (14 Inch) Display1 Year Carry-in Warranty,laptops,Flipkart,https://www.flipkart.com/search?q=laptops&page=3,2026-04-22 16:13:01
Lenovo IdeaPad Slim 1 AMD Ryzen 5 Hexa Core 5500U - (16 GB/512 GB SSD/Windows 11 Home) 15ALC7 Thin and...,54947,83000,33,33.8,4.2,AMD Ryzen 5 Hexa Core Processor16 GB DDR4 RAMWindows 11 Operating System512 GB SSD39.62 cm (15.6 Inch) DisplayMicrosoft Office Home & Student 20211 Year Onsite Warranty,laptops,Flipkart,https://www.flipkart.com/search?q=laptops&page=3,2026-04-22 16:13:01
DELL 15 Microsoft Office Home 2024 AMD Ryzen 5 Hexa Core 7530U - (16 GB/512 GB SSD/Windows 11 Home) 35...,51061,69999,27,27.05,4.3,AMD Ryzen 5 Hexa Core Processor16 GB DDR4 RAMWindows 11 Operating System512 GB SSD39.62 cm (15.6 Inch) DisplayMicrosoft Office Home 2024 | Dell Support Assist1 Year Onsite Warranty,laptops,Flipkart,https://www.flipkart.com/search?q=laptops&page=3,2026-04-22 16:13:01
ASUS Expertbook P1 with 1 Yr ADP Intel Core i3 13th Gen 1315U - (16 GB/512 GB SSD/Windows 11 Home) P15...,52690,74990,29,29.74,4.3,"Intel Core i3 Processor (13th Gen)16 GB DDR5 RAMWindows 11 Home Operating System512 GB SSD39.62 cm (15.6 Inch) DisplayIncluded Software- Microsoft Office Home 2024(includes Word, Excel, PowerPoint, and OneNote) (Lifetime Validity ) + Microsoft 365 Basic*(1-Year Validity), McAfee+TM Premium (1 year Validity)1 Year Onsite Warranty",laptops,Flipkart,https://www.flipkart.com/search?q=laptops&page=3,2026-04-22 16:13:01
Acer Aspire 3 Intel Core i5 13th Gen 1334U - (16 GB/1 TB SSD/Windows 11 Home) A324-53 Thin and Light L...,57990,64990,10,10.77,4.3,Intel Core i5 Processor (13th Gen)16 GB DDR4 RAMWindows 11 Operating System1 TB SSD35.56 cm (14 Inch) Display1 Year Carry-in Warranty,laptops,Flipkart,https://www.flipkart.com/search?q=laptops&page=3,2026-04-22 16:13:01
MSI Modern 15 AMD Ryzen 5 Hexa Core 7530U - (8 GB/512 GB SSD/Windows 11 Home) Modern 15 B7M-428IN Busi...,42999,65990,34,34.84,4.4,AMD Ryzen 5 Hexa Core Processor8 GB DDR4 RAMWindows 11 Operating System512 GB SSD38.1 cm (15 Inch) Display1 Year Carry-in Warranty,laptops,Flipkart,https://www.flipkart.com/search?q=laptops&page=3,2026-04-22 16:13:01
ASUS Vivobook Go 15 AMD Ryzen 3 Quad Core 7320U - (8 GB/512 GB SSD/Windows 11 Home) E1504FA-NJ131WS | ...,39990,43990,9,9.09,4.3,AMD Ryzen 3 Quad Core Processor8 GB LPDDR5 RAMWindows 11 Home Operating System512 GB SSD39.62 cm (15.6 Inch) DisplayMicrosoft Office Home 2024 + Microsoft 365 Basic1 Year Onsite Warranty,laptops,Flipkart,https://www.flipkart.com/search?q=laptops&page=3,2026-04-22 16:13:01
Lenovo AMD Ryzen 7 Octa Core - (16 GB/512 GB SSD/Windows 11 Home) IdeaPad Slim 3 15ABR8 Laptop,54990,72690,24,24.35,3.7,AMD Ryzen 7 Octa Core Processor16 GB DDR4 RAMWindows 11 Home Operating System512 GB SSD39.62 cm (15.6 Inch) Display1 Year Onsite Warranty,laptops,Flipkart,https://www.flipkart.com/search?q=laptops&page=3,2026-04-22 16:13:01
ASUS Expertbook P3 Metal High-performance processor with 1 Yr ADP Intel Core i7 13th Gen 13620H - (32 ...,84990,119990,29,29.17,4.3,"Intel Core i7 Processor (13th Gen)32 GB DDR5 RAMWindows 11 Home Operating System1 TB SSD35.56 cm (14 Inch) DisplayIncluded Software- Microsoft Office Home 2024(includes Word, Excel, PowerPoint, and OneNote) (Lifetime Validity ) + Microsoft 365 Basic*(1-Year Validity), McAfee+TM Premium (1 year Validity)1 Year Onsite Warranty",laptops,Flipkart,https://www.flipkart.com/search?q=laptops&page=3,2026-04-22 16:13:01
Lenovo IdeaPad Slim 3 15ABR8 AMD Ryzen 5 Hexa Core 5625U - (16 GB/512 GB SSD/Windows 11 Home) 82XM00QD...,55999,60747,7,7.82,4.5,AMD Ryzen 5 Hexa Core Processor16 GB DDR4 RAMWindows 11 Home Operating System512 GB SSD39.62 cm (15.6 Inch) DisplayOffice Home 20241 Year Carry-in Warranty,laptops,Flipkart,https://www.flipkart.com/search?q=laptops&page=3,2026-04-22 16:13:01
Lenovo IdeaPad Slim 3 Intel Core i5 12th Gen 12450H - (16 GB/512 GB SSD/Windows 11 Home) 15IAH8 Thin a...,54990,76690,28,28.3,4.1,Intel Core i5 Processor (12th Gen)16 GB LPDDR5 RAMWindows 11 Home Operating System512 GB SSD39.62 cm (15.6 Inch) Display1 Year Onsite Warranty,laptops,Flipkart,https://www.flipkart.com/search?q=laptops&page=4,2026-04-22 16:13:12
Acer TravelLite AMD Ryzen 5 7430U - (16 GB/512 GB SSD/Windows 11 Home) TL04-41M Notebook,48990,60990,19,19.68,3.9,AMD Ryzen 5 Processor16 GB DDR4 RAM64 bit Windows 11 Home Operating System512 GB SSD35.56 cm (14 Inch) Display3 Years Warranty,laptops,Flipkart,https://www.flipkart.com/search?q=laptops&page=4,2026-04-22 16:13:12
HP 250R G10 (2025) (i3 14th Gen) Intel Core 3 14th Gen 100U - (8 GB/512 GB SSD/Windows 11 Home) 250R G...,46980,66990,29,29.87,4.3,"Intel Core 3 Processor (14th Gen)8 GB DDR4 RAM64 bit Windows 11 Home Operating System512 GB SSD39.62 cm (15.6 Inch) DisplayMicrosoft Office 2021, Windows 11 Home1 Year",laptops,Flipkart,https://www.flipkart.com/search?q=laptops&page=4,2026-04-22 16:13:12
ASUS Expertbook P1 with 1 Yr ADP Intel Core i3 13th Gen 1315U - (8 GB/512 GB SSD/Windows 11 Home) P150...,46990,69990,32,32.86,4.3,"Intel Core i3 Processor (13th Gen)8 GB DDR5 RAMWindows 11 Home Operating System512 GB SSD39.62 cm (15.6 Inch) DisplayIncluded Software- Microsoft Office Home 2024(includes Word, Excel, PowerPoint, and OneNote) (Lifetime Validity ) + Microsoft 365 Basic*(1-Year Validity), McAfee+TM Premium (1 year Validity)1 Year Onsite Warranty",laptops,Flipkart,https://www.flipkart.com/search?q=laptops&page=4,2026-04-22 16:13:12
DELL G15 Intel Core i5 13th Gen 13450HX - (16 GB/512 GB SSD/Windows 11 Home/6 GB Graphics/NVIDIA GeFor...,76990,93021,17,17.23,4.2,"Intel Core i5 Processor (13th Gen)16 GB DDR5 RAMWindows 11 Operating System512 GB SSD39.62 cm (15.6 Inch) DisplayAlienware Command Center,Dell Support Assist)1 Year Basic Onsite Service after remote diagnosis with Hardware-Only Support",laptops,Flipkart,https://www.flipkart.com/search?q=laptops&page=4,2026-04-22 16:13:12
Ultimus APEX BOLD N Intel Pentium Quad Core N4200 - (8 GB/256 GB SSD/Windows 11 Home) NU14U9INC54LS-CS...,23990,35990,33,33.34,2.2,Intel Pentium Quad Core Processor8 GB DDR3 RAM64 bit Windows 11 Home Operating System256 GB SSD35.81 cm (14.1 Inch) DisplayPre loaded windows APP1 Year Manufacturing Warranty (Battery And Charger Only 6 Month Warranty),laptops,Flipkart,https://www.flipkart.com/search?q=laptops&page=4,2026-04-22 16:13:12
"ASUS Vivobook 15 (2025) with Office 2024 + M365 Basic*, Backlit Keyboard, Intel Core i3 13th Gen 1315U...",46990,54990,14,14.55,4.3,"Intel Core i3 Processor (13th Gen)16 GB DDR5 RAMWindows 11 Home Operating System512 GB SSD39.62 cm (15.6 Inch) DisplayMicrosoft Office Home 2024 (Lifetime Validity ) + Microsoft 365 Basic*(1-Year Validity), One-Month Membership of Adobe Creative Cloud All Apps, McAfee 1 year1 Year Onsite Warranty",laptops,Flipkart,https://www.flipkart.com/search?q=laptops&page=4,2026-04-22 16:13:12
Acer Aspire 7 Intel Core i7 13th Gen 13620H - (16 GB/512 GB SSD/Windows 11 Home/6 GB Graphics/NVIDIA G...,72990,99999,27,27.01,4.3,Intel Core i7 Processor (13th Gen)16 GB DDR4 RAM64 bit Windows 11 Home Operating System512 GB SSD39.62 cm (15.6 Inch) Display1 Year Onsite Warranty,laptops,Flipkart,https://www.flipkart.com/search?q=laptops&page=4,2026-04-22 16:13:12
"ASUS Vivobook 14 (2025) with Office 2024 + M365 Basic*, AI PC, Backlit Keyboard, Intel Core Ultra 5 22...",73871,92990,20,20.56,4.4,"Intel Core Ultra 5 Processor16 GB DDR5 RAMWindows 11 Home Operating System512 GB SSD35.56 cm (14 Inch) DisplayMicrosoft Office Home 2024 (Lifetime Validity ) + Microsoft 365 Basic*(1-Year Validity), 
McAfee? 1 year, One-Month Membership of Adobe Creative Cloud All Apps1 Year Onsite warranty",laptops,Flipkart,https://www.flipkart.com/search?q=laptops&page=4,2026-04-22 16:13:12
Lenovo IdeaPad Slim 3 Backlit Keyboard with MSO'2024 Intel Core i5 13th Gen 13420H - (16 GB/512 GB SSD...,64990,82690,21,21.41,4.4,Intel Core i5 Processor (13th Gen)16 GB DDR5 RAMWindows 11 Home Operating System512 GB SSD35.56 cm (14 Inch) DisplayOffice Home 20241 Year Onsite Warranty,laptops,Flipkart,https://www.flipkart.com/search?q=laptops&page=4,2026-04-22 16:13:12
Acer Swift Neo 14 Office 2024 + M365 Basic Intel Core Ultra 5 115U - (16 GB/512 GB SSD/Windows 11 Home...,58990,99999,41,41.01,4.2,Intel Core Ultra 5 Processor16 GB LPDDR5 RAM64 bit Windows 11 Home Operating System512 GB SSD35.56 cm (14 Inch) Display1 Year Warranty,laptops,Flipkart,https://www.flipkart.com/search?q=laptops&page=4,2026-04-22 16:13:12
HP EliteBook 845 G11 AMD Ryzen 5 8540U - (16 GB/512 GB SSD/Windows 11 Pro) EliteBook 845 G11 Business ...,61149,96990,36,36.95,4.3,AMD Ryzen 5 Processor16 GB DDR5 RAM64 bit Windows 11 Operating System512 GB SSD35.56 cm (14 Inch) Display1 Year Onsite Warranty,laptops,Flipkart,https://www.flipkart.com/search?q=laptops&page=4,2026-04-22 16:13:12
HP G9 Intel Core i3 13th Gen 1315U - (16 GB/512 GB SSD/Windows 11 Pro) 250R G9 Business Laptop,54999,59999,8,8.33,4,Intel Core i3 Processor (13th Gen)16 GB DDR4 RAM64 bit Windows 11 Operating System512 GB SSD39.62 cm (15.6 Inch) DisplayMS OFFICE1 year Onsite Warrenty,laptops,Flipkart,https://www.flipkart.com/search?q=laptops&page=4,2026-04-22 16:13:12
Lenovo IdeaPad Slim 3 WUXGA IPS Intel Core i5 13th Gen 13420H - (16 GB/512 GB SSD/Windows 11 Home) 15I...,67990,85000,20,20.01,4.4,Intel Core i5 Processor (13th Gen)16 GB DDR5 RAMWindows 11 Home Operating System512 GB SSD38.86 cm (15.3 Inch) DisplayMicrosoft Office Home 20241 Year Carry-in Warranty,laptops,Flipkart,https://www.flipkart.com/search?q=laptops&page=4,2026-04-22 16:13:12
Acer Aspire 3 Intel Celeron Dual Core - (8 GB/128 GB SSD/Windows 11 Home) A311-45 Thin and Light Lapto...,29990,32990,9,9.09,3.8,Intel Celeron Dual Core Processor8 GB DDR4 RAM64 bit Windows 11 Home Operating System128 GB SSD29.46 cm (11.6 Inch) Display1 Year Warranty,laptops,Flipkart,https://www.flipkart.com/search?q=laptops&page=4,2026-04-22 16:13:12
HP Intel Core i5 13th Gen 1334U - (16 GB/1 TB SSD/Windows 11 Home) 15-fd0552TU Thin and Light Laptop,67732,76990,12,12.02,3.9,Intel Core i5 Processor (13th Gen)16 GB DDR4 RAMWindows 11 Home Operating System1 TB SSD39.62 cm (15.6 Inch) DisplayMSO Home 2024 + 1yr M365 Basic & MISC PC Game Pass DA 3M1 Year Onsite Warranty,laptops,Flipkart,https://www.flipkart.com/search?q=laptops&page=4,2026-04-22 16:13:12
Acer Aspire 14 Office 2024 + M365 Basic Intel Core i5 13th Gen 13500H - (16 GB/512 GB SSD/Windows 11 H...,60990,74999,18,18.68,4.3,Intel Core i5 Processor (13th Gen)16 GB LPDDR5 RAM64 bit Windows 11 Home Operating System512 GB SSD35.56 cm (14 Inch) Display1 Year Warranty,laptops,Flipkart,https://www.flipkart.com/search?q=laptops&page=5,2026-04-22 16:13:23
HP 15 G10 (2025) AMD Athlon Dual Core 7120U - (8 GB/256 GB SSD/Windows 11 Home) 15 G10 Thin and Light ...,41990,49990,16,16.0,4,"AMD Athlon Dual Core Processor8 GB DDR4 RAM64 bit Windows 11 Home Operating System256 GB SSD39.62 cm (15.6 Inch) DisplayMicrosoft Office 2021, Windows 11 Home1 Year Onsite Warranty",laptops,Flipkart,https://www.flipkart.com/search?q=laptops&page=5,2026-04-22 16:13:23
"ASUS TUF Gaming F16 (2025) for Creator with MSO 2024+M365 Basic*,AI PC,(i5 14th Gen) Intel Core 5 210H...",86990,107990,19,19.45,4.4,"Intel Core 5 Processor16 GB DDR5 RAMWindows 11 Home Operating System512 GB SSD40.64 cm (16 Inch) DisplayMicrosoft Office Home 2024 (Lifetime Validity ) + Microsoft 365 Basic*(1-Year Validity), McAfee 1 year, Xbox Game Pass for 3 months1 Year Onsite Warranty",laptops,Flipkart,https://www.flipkart.com/search?q=laptops&page=5,2026-04-22 16:13:23
HP Chromebook Intel Celeron Dual Core N4120 - (4 GB/64 GB EMMC Storage/Chrome OS) 14a-ca0506TU Chromeb...,27990,32295,13,13.33,4,Intel Celeron Dual Core Processor4 GB LPDDR4 RAM64 bit Chrome Operating System35.56 cm (14 Inch) Touchscreen Display1 Year Onsite Warranty,laptops,Flipkart,https://www.flipkart.com/search?q=laptops&page=5,2026-04-22 16:13:23
ASUS Vivobook (i5 14th Gen) Intel Core 5 120U - (16 GB/512 GB SSD/Windows 11 Home) X1504VAP-BQ1542WS T...,51990,73990,29,29.73,4.4,Intel Core 5 Processor16 GB DDR5 RAM64 bit Windows 11 Home Operating System512 GB SSD39.62 cm (15.6 Inch) Display1 Year Limited Warranty,laptops,Flipkart,https://www.flipkart.com/search?q=laptops&page=5,2026-04-22 16:13:23
Lenovo IdeaPad Slim 3 Backlit Intel Core i5 12th Gen 12450H - (16 GB/512 GB SSD/Windows 11 Home) 15IAH...,61999,78590,21,21.11,4.3,Intel Core i5 Processor (12th Gen)16 GB LPDDR5 RAMWindows 11 Operating System512 GB SSD39.62 cm (15.6 Inch) Display1 Yr. Onsite + 1 Yr. Accidental Damage Protection,laptops,Flipkart,https://www.flipkart.com/search?q=laptops&page=5,2026-04-22 16:13:23
Infinix Inbook Y2 Plus Intel Core i7 11th Gen 1195G7 - (16 GB/512 GB SSD/Windows 11 Home) XL29 Thin an...,45990,69990,34,34.29,4.1,Intel Core i7 Processor (11th Gen)16 GB LPDDR4X RAM64 bit Windows 11 Operating System512 GB SSD39.62 cm (15.6 Inch) DisplayNA1 Year Onsite Warranty,laptops,Flipkart,https://www.flipkart.com/search?q=laptops&page=5,2026-04-22 16:13:23
Primebook 2 Neo (2025) in-Built AI MediaTek Helio G99 (MT8781) - (6 GB/128 GB/Android 15) PBG9911128#B...,19990,24990,20,20.01,4.3,MediaTek Helio G99 (MT8781) Processor6 GB LPDDR4 RAM64 bit Android Operating System29.46 cm (11.6 Inch) Display1 Year Onsite Warranty,laptops,Flipkart,https://www.flipkart.com/search?q=laptops&page=5,2026-04-22 16:13:23
"ASUS Vivobook 15, with Backlit Keyboard, Intel Core i5 12th Gen 1235U - (8 GB/512 GB SSD/Windows 11 Ho...",39990,69990,42,42.86,4.2,Intel Core i5 Processor (12th Gen)8 GB DDR4 RAMWindows 11 Operating System512 GB SSD39.62 cm (15.6 Inch) Display1 Year Onsite Warranty,laptops,Flipkart,https://www.flipkart.com/search?q=laptops&page=5,2026-04-22 16:13:23
Lenovo IdeaPad Slim 3 AMD Ryzen 7 Octa Core - (16 GB/512 GB SSD/Windows 11 Home) IdeaPad Slim 3 15AHP1...,76990,94890,18,18.86,4.4,AMD Ryzen 7 Octa Core Processor16 GB DDR5 RAMWindows 11 Home Operating System512 GB SSD38.86 cm (15.3 Inch) Display1 Year Carry-in Warranty,laptops,Flipkart,https://www.flipkart.com/search?q=laptops&page=5,2026-04-22 16:13:23
Acer Predator Helios Neo 16S AI Intel Core Ultra 7 255 HX - (16 GB/1 TB SSD/Windows 11 Home/8 GB Graph...,168960,195999,13,13.8,4.8,Intel Core Ultra 7 Processor16 GB DDR5 RAM64 bit Windows 11 Home Operating System1 TB SSD40.64 cm (16 Inch) Display1 Year Warranty,laptops,Flipkart,https://www.flipkart.com/search?q=laptops&page=5,2026-04-22 16:13:23
"ASUS Vivobook 14 (2025) with Office 2024 + M365 Basic*, Backlit Keyboard, Intel Core i3 13th Gen 1315U...",48990,50990,3,3.92,4.3,"Intel Core i3 Processor (13th Gen)8 GB DDR4 RAMWindows 11 Home Operating System512 GB SSD35.56 cm (14 Inch) DisplayMicrosoft Office Home 2024 (Lifetime Validity ) + Microsoft 365 Basic*(1-Year Validity), One-Month Membership of Adobe Creative Cloud All Apps, McAfee 1 year1 Year Onsite Warranty",laptops,Flipkart,https://www.flipkart.com/search?q=laptops&page=5,2026-04-22 16:13:23
ASUS Vivobook 15 (2025) with Office 2024 + M365 Basic* Intel Core i3 13th Gen - (16 GB/512 GB SSD/Wind...,53990,54990,1,1.82,4.3,Intel Core i3 Processor (13th Gen)16 GB DDR5 RAMWindows 11 Home Operating System512 GB SSD39.62 cm (15.6 Inch) DisplayMicrosoft Office Home 2024 + Microsoft 365 Basic1 Year Onsite Warranty,laptops,Flipkart,https://www.flipkart.com/search?q=laptops&page=5,2026-04-22 16:13:23
HP 14 AI PC Intel Core Ultra 7 155H - (16 GB/512 GB SSD/Windows 11 Home) 14-ep1151TU/14-gr1036TU/14-ep...,77098,95999,19,19.69,4.1,Intel Core Ultra 7 Processor16 GB DDR5 RAMWindows 11 Home Operating System512 GB SSD35.56 cm (14 Inch) Display1 Year Onsite Warranty,laptops,Flipkart,https://www.flipkart.com/search?q=laptops&page=5,2026-04-22 16:13:23
"boAt Rockerz 412, 60H Battery,40ms Latency,ENx, Stream ...4.2(4,09,065)₹1,499₹2,99950% offBank OfferAdd to Compare",1499,2999,50,50.02,4.2,,headphones,Flipkart,https://www.flipkart.com/search?q=headphones&page=1,2026-04-22 16:13:35
"PTron Studio w/ 60hrs Playtime, HD Mic, 40mm Drivers, D...3.9(1,867)₹649₹2,59975% offBank OfferAdd to Compare",649,2599,75,75.03,3.9,,headphones,Flipkart,https://www.flipkart.com/search?q=headphones&page=1,2026-04-22 16:13:35
"ZEBRONICS Zeb- Thunder, With 60H Backup, BT v5.3, Gamin...4(1,37,706)₹799₹1,69952% offBank OfferAdd to Compare",799,1699,52,52.97,4,,headphones,Flipkart,https://www.flipkart.com/search?q=headphones&page=1,2026-04-22 16:13:35
"F FERONS Compact Foldable Headphone Crystal Crisp Clear...3.8(24,440)₹295₹2,59988% offOnly few leftAdd to Compare",295,2599,88,88.65,3.8,,headphones,Flipkart,https://www.flipkart.com/search?q=headphones&page=1,2026-04-22 16:13:35
"Noise TWO with 50 Hours Playtime, Low latency (up to 42...4(19,356)₹1,699₹4,99966% offBank OfferAdd to Compare",1699,4999,66,66.01,4,,headphones,Flipkart,https://www.flipkart.com/search?q=headphones&page=1,2026-04-22 16:13:35
"FRONY SH12 Premium (Bluetooth Headset) with Noise Cance...3.5(343)₹453₹1,20062% offSuper DealsAdd to Compare",453,1200,62,62.25,3.5,,headphones,Flipkart,https://www.flipkart.com/search?q=headphones&page=1,2026-04-22 16:13:35
"F FERONS Foldable Headphone Stylish & Durable High Qual...3.8(24,440)₹297₹2,59988% offOnly few leftAdd to Compare",297,2599,88,88.57,3.8,,headphones,Flipkart,https://www.flipkart.com/search?q=headphones&page=1,2026-04-22 16:13:35
"TWS Gaming Bluetooth Headphones with Deep Bass and Arou...3.5(6)₹412₹4,19990% offOnly few leftAdd to Compare",412,4199,90,90.19,3.5,,headphones,Flipkart,https://www.flipkart.com/search?q=headphones&page=1,2026-04-22 16:13:35
"Flipkart SmartBuy FKBT02 Bluetooth4.1(1,627)₹1,138₹2,34951% offOnly 1 leftAdd to Compare",1138,2349,51,51.55,4.1,,headphones,Flipkart,https://www.flipkart.com/search?q=headphones&page=1,2026-04-22 16:13:35
"TRIGGR Trinity 3 with Fabric Finish, Dual Pairing, 50H ...4(1,097)₹1,299₹3,99967% offSuper DealsAdd to Compare",1299,3999,67,67.52,4,,headphones,Flipkart,https://www.flipkart.com/search?q=headphones&page=1,2026-04-22 16:13:35
Techobucks Branded P47 Wireless Active Noise Cancellati...4.1(8)₹322₹99967% offOnly few leftAdd to Compare,322,999,67,67.77,4.1,,headphones,Flipkart,https://www.flipkart.com/search?q=headphones&page=2,2026-04-22 16:13:47
Jmax JM-TWS | 20H Music |Clear Sound| 200mAh Case | 5H ...₹239₹99976% offOnly few leftAdd to Compare,239,999,76,76.08,3.5,,headphones,Flipkart,https://www.flipkart.com/search?q=headphones&page=2,2026-04-22 16:13:47
"F FERONS Portable Foldable Headphon Clear Sound Comfort...3.8(24,440)₹297₹2,59988% offOnly few leftAdd to Compare",297,2599,88,88.57,3.8,,headphones,Flipkart,https://www.flipkart.com/search?q=headphones&page=2,2026-04-22 16:13:47
Garena BEST P47 Wireless Over-ear Headphone True Dynami...5(3)₹316₹99968% offBank OfferAdd to Compare,316,999,68,68.37,5,,headphones,Flipkart,https://www.flipkart.com/search?q=headphones&page=2,2026-04-22 16:13:47
DAILYNEEDSENTERPRISES P9 Wireless Bluetooth Headphones ...3.2(83)₹431₹99956% offOnly few leftAdd to Compare,431,999,56,56.86,3.2,,headphones,Flipkart,https://www.flipkart.com/search?q=headphones&page=2,2026-04-22 16:13:47
Jmax JM Tws | 20H Music |Clear Sound| 200mAh Case | 5H ...₹239₹99976% offOnly few leftAdd to Compare,239,999,76,76.08,4.1,,headphones,Flipkart,https://www.flipkart.com/search?q=headphones&page=2,2026-04-22 16:13:47
"Clairbell 447O_sunglass Over the head Bluetooth Headset...₹691₹1,79961% offOnly few leftAdd to Compare",691,1799,61,61.59,4.3,,headphones,Flipkart,https://www.flipkart.com/search?q=headphones&page=2,2026-04-22 16:13:47
Ovista P9 HDP Bluetooth & Wired₹398₹99960% offOnly few leftAdd to Compare,398,999,60,60.16,3.6,,headphones,Flipkart,https://www.flipkart.com/search?q=headphones&page=3,2026-04-22 16:13:58
"NECKTECH bullet-z2 a1 Bluetooth3.6(125)₹283₹1,49981% offOnly few leftAdd to Compare",283,1499,81,81.12,3.6,,headphones,Flipkart,https://www.flipkart.com/search?q=headphones&page=3,2026-04-22 16:13:58
"YAROH SH12 Premium (Bluetooth Headset) with Noise Cance...3.9(56)₹453₹1,20062% offSuper DealsAdd to Compare",453,1200,62,62.25,3.9,,headphones,Flipkart,https://www.flipkart.com/search?q=headphones&page=3,2026-04-22 16:13:58
"GameSir Astro Over-Ear Wireless Bluetooth Headphones | ...4.1(13)₹797₹2,99973% offOnly few leftAdd to Compare",797,2999,73,73.42,4.1,,headphones,Flipkart,https://www.flipkart.com/search?q=headphones&page=3,2026-04-22 16:13:58
CLOKIFY Wireless Bluetooth Over-Ear Headphones with Dee...₹285₹99971% offOnly 2 leftAdd to Compare,285,999,71,71.47,4,,headphones,Flipkart,https://www.flipkart.com/search?q=headphones&page=3,2026-04-22 16:13:58
"Hammer Bash Max Wireless Over the ear Deep Bass 18hr Pl...3.8(43)₹2,199₹8,24573% offOnly few leftAdd to Compare",2199,8245,73,73.33,3.8,,headphones,Flipkart,https://www.flipkart.com/search?q=headphones&page=3,2026-04-22 16:13:58
"Techpunch COMFORTABLE EAR PADS WIRELESS HEADPHONE WITH ...3.5(15,385)₹297₹99970% offOnly few leftAdd to Compare",297,999,70,70.27,3.5,,headphones,Flipkart,https://www.flipkart.com/search?q=headphones&page=4,2026-04-22 16:14:13
"house of common Adaptive EQ & Noise-Canceling Headphone...₹426₹4,19989% offOnly few leftAdd to Compare",426,4199,89,89.85,4,,headphones,Flipkart,https://www.flipkart.com/search?q=headphones&page=4,2026-04-22 16:14:13
Frontech Earphone Deep Bass HD Audio | 3.5mm | For Call...3.9(44)₹239₹40040% offBank OfferAdd to Compare,239,400,40,40.25,3.9,,headphones,Flipkart,https://www.flipkart.com/search?q=headphones&page=4,2026-04-22 16:14:13
"ZEBRONICS Zeb-Jet Premium Headphone,LED Headband,Suspen...3.9(7,406)₹1,351₹1,69920% offOnly few leftAdd to Compare",1351,1699,20,20.48,3.9,,headphones,Flipkart,https://www.flipkart.com/search?q=headphones&page=4,2026-04-22 16:14:13
"TWS Wireless Stereo Bluetooth Headphones, Foldable, Ult...4.6(5)₹412₹4,19990% offOnly few leftAdd to Compare",412,4199,90,90.19,4.6,,headphones,Flipkart,https://www.flipkart.com/search?q=headphones&page=4,2026-04-22 16:14:13
"Skullcandy Cassette 40mm drivers 22Hrs Playtime+Rapid C...4.2(42,268)₹2,999₹3,99925% offOnly few leftAdd to Compare",2999,3999,25,25.01,4.2,,headphones,Flipkart,https://www.flipkart.com/search?q=headphones&page=4,2026-04-22 16:14:13
"house of common Travel Fold Bluetooth Deep Bass Dynamic...3.8(132)₹430₹4,19989% offOnly few leftAdd to Compare",430,4199,89,89.76,3.8,,headphones,Flipkart,https://www.flipkart.com/search?q=headphones&page=5,2026-04-22 16:14:25
"Beats Solo3 Wireless Headphones with Mic Bluetooth4.5(47)₹17,900₹19,90010% offOnly 1 leftAdd to Compare",17900,19900,10,10.05,4.5,,headphones,Flipkart,https://www.flipkart.com/search?q=headphones&page=5,2026-04-22 16:14:25
"audio-technica Ath-M30X Wired On Ear Headphones Without...4.9(11)₹6,999₹13,33447% offHot DealAdd to Compare",6999,13334,47,47.51,4.9,,headphones,Flipkart,https://www.flipkart.com/search?q=headphones&page=5,2026-04-22 16:14:25
"Coming SoonboAt Immortal IM1300 Bluetooth Gaming3.7(2,370)₹3,499₹9,99064% offAdd to Compare",3499,9990,64,64.97,3.7,,headphones,Flipkart,https://www.flipkart.com/search?q=headphones&page=5,2026-04-22 16:14:25
"house of common Bluetooth On-Ear Headphones with HD Sou...3.8(153)₹451₹4,19989% offOnly few leftAdd to Compare",451,4199,89,89.26,3.8,,headphones,Flipkart,https://www.flipkart.com/search?q=headphones&page=5,2026-04-22 16:14:25
