product_name,selling_price_inr,mrp_inr,discount_as_listed,discount_calculated,num_reviews,category,platform,source_url,scraped_at
"MOTOROLA g35 5G (Leaf Green, 128 GB)",12489,12499,,0.08,"(1,34,956)",mobiles,Shopsy,https://www.shopsy.in/search?q=smartphones&page=1,2026-04-21 17:20:35
"MOTOROLA g06 power (Pantone tapestry, 64 GB)",9989,9999,,0.1,"(14,251)",mobiles,Shopsy,https://www.shopsy.in/search?q=smartphones&page=1,2026-04-21 17:20:35
"MOTOROLA g35 5G (Midnight Black, 128 GB)",12489,12499,,0.08,"(1,34,956)",mobiles,Shopsy,https://www.shopsy.in/search?q=smartphones&page=1,2026-04-21 17:20:35
"Google Pixel 9A (Obsidian, 256 GB)",39989,49999,20,20.02,"(10,197)",mobiles,Shopsy,https://www.shopsy.in/search?q=smartphones&page=1,2026-04-21 17:20:35
"Apple iPhone 15 (Pink, 128 GB)",59890,59900,,0.02,"(2,74,062)",mobiles,Shopsy,https://www.shopsy.in/search?q=smartphones&page=1,2026-04-21 17:20:35
"MOTOROLA g57 power 5G (Pantone Regatta, 128 GB)",15989,17999,11,11.17,"(40,902)",mobiles,Shopsy,https://www.shopsy.in/search?q=smartphones&page=1,2026-04-21 17:20:35
"Samsung Galaxy F06 5G (Bahama Blue, 128 GB)",13989,15499,9,9.74,"(24,157)",mobiles,Shopsy,https://www.shopsy.in/search?q=smartphones&page=1,2026-04-21 17:20:35
"vivo T5x 5G (Cyber Green, 128 GB)",24989,30999,19,19.39,"(8,294)",mobiles,Shopsy,https://www.shopsy.in/search?q=smartphones&page=1,2026-04-21 17:20:35
"vivo T5x 5G (Cyber Green, 128 GB)",22989,28999,20,20.72,"(7,458)",mobiles,Shopsy,https://www.shopsy.in/search?q=smartphones&page=1,2026-04-21 17:20:35
"vivo T5x 5G (Star Silver, 128 GB)",22989,28999,20,20.72,"(7,458)",mobiles,Shopsy,https://www.shopsy.in/search?q=smartphones&page=1,2026-04-21 17:20:35
"POCO C75 5G (Silver Stardust, 64 GB)",10989,10999,,0.09,"(1,63,497)",mobiles,Shopsy,https://www.shopsy.in/search?q=smartphones&page=1,2026-04-21 17:20:35
"Samsung Galaxy F06 5G (Lit Violet, 128 GB)",12489,13999,10,10.79,"(46,284)",mobiles,Shopsy,https://www.shopsy.in/search?q=smartphones&page=1,2026-04-21 17:20:35
"MOTOROLA g35 5G (Guava Red, 128 GB)",12489,12499,,0.08,"(1,34,956)",mobiles,Shopsy,https://www.shopsy.in/search?q=smartphones&page=1,2026-04-21 17:20:35
"realme P4 Lite (Beach Gold, 64 GB)",9989,12999,23,23.16,"(1,857)",mobiles,Shopsy,https://www.shopsy.in/search?q=smartphones&page=1,2026-04-21 17:20:35
"realme P4 Lite (Sea Blue, 64 GB)",9989,12999,23,23.16,"(1,857)",mobiles,Shopsy,https://www.shopsy.in/search?q=smartphones&page=1,2026-04-21 17:20:35
"Samsung Galaxy F06 5G (Bahama Blue, 128 GB)",12489,13999,10,10.79,"(46,284)",mobiles,Shopsy,https://www.shopsy.in/search?q=smartphones&page=1,2026-04-21 17:20:35
"POCO C75 5G (Enchanted Green, 64 GB)",10989,10999,,0.09,"(1,63,497)",mobiles,Shopsy,https://www.shopsy.in/search?q=smartphones&page=1,2026-04-21 17:20:35
"Samsung Galaxy F06 5G (Lit Violet, 128 GB)",13989,15499,9,9.74,"(24,157)",mobiles,Shopsy,https://www.shopsy.in/search?q=smartphones&page=1,2026-04-21 17:20:35
"MOTOROLA G96 5G (Pantone Greener Pastures, 128 GB)",18989,20999,9,9.57,"(98,583)",mobiles,Shopsy,https://www.shopsy.in/search?q=smartphones&page=1,2026-04-21 17:20:35
"Samsung Galaxy F36 5G (Black, 128 GB)",18989,22999,17,17.44,"(10,932)",mobiles,Shopsy,https://www.shopsy.in/search?q=smartphones&page=1,2026-04-21 17:20:35
"realme P4 Lite 5G (Mosaic Green, 128 GB)",16489,22999,28,28.31,(542),mobiles,Shopsy,https://www.shopsy.in/search?q=smartphones&page=1,2026-04-21 17:20:35
"realme P4 Lite 5G (Mosaic Green, 64 GB)",13489,19999,32,32.55,"(1,480)",mobiles,Shopsy,https://www.shopsy.in/search?q=smartphones&page=1,2026-04-21 17:20:35
"realme P4 Lite 5G (Mosaic Blue, 64 GB)",13489,19999,32,32.55,"(1,480)",mobiles,Shopsy,https://www.shopsy.in/search?q=smartphones&page=1,2026-04-21 17:20:35
"MOTOROLA g57 power 5G (Pantone Fluidity, 128 GB)",15989,17999,11,11.17,"(40,902)",mobiles,Shopsy,https://www.shopsy.in/search?q=smartphones&page=1,2026-04-21 17:20:35
"Ai+ Pulse 2 (Purple, 64 GB)",8489,10999,22,22.82,"(3,127)",mobiles,Shopsy,https://www.shopsy.in/search?q=smartphones&page=2,2026-04-21 17:20:39
"MOTOROLA G96 5G (Pantone Ashleigh Blue, 128 GB)",18989,20999,9,9.57,"(98,583)",mobiles,Shopsy,https://www.shopsy.in/search?q=smartphones&page=2,2026-04-21 17:20:39
"realme P4 Lite 5G (Mosaic Green, 128 GB)",14489,20999,31,31.0,"(1,480)",mobiles,Shopsy,https://www.shopsy.in/search?q=smartphones&page=2,2026-04-21 17:20:39
"OnePlus Nord 6 (Pitch Black, 256 GB)",39490,52999,25,25.49,(86),mobiles,Shopsy,https://www.shopsy.in/search?q=smartphones&page=2,2026-04-21 17:20:39
"realme P4 5G (Steel Grey, 128 GB)",20989,20999,,0.05,"(23,080)",mobiles,Shopsy,https://www.shopsy.in/search?q=smartphones&page=2,2026-04-21 17:20:39
"realme P4 5G (Engine Blue, 128 GB)",20989,20999,,0.05,"(23,080)",mobiles,Shopsy,https://www.shopsy.in/search?q=smartphones&page=2,2026-04-21 17:20:39
"vivo T4R 5G (Twilight Blue, 256 GB)",26989,26999,,0.04,"(6,133)",mobiles,Shopsy,https://www.shopsy.in/search?q=smartphones&page=2,2026-04-21 17:20:39
"vivo T4R 5G (Arctic White, 256 GB)",24989,24999,,0.04,"(67,065)",mobiles,Shopsy,https://www.shopsy.in/search?q=smartphones&page=2,2026-04-21 17:20:39
"vivo T4R 5G (Twilight Blue, 256 GB)",24989,24999,,0.04,"(67,065)",mobiles,Shopsy,https://www.shopsy.in/search?q=smartphones&page=2,2026-04-21 17:20:39
"MOTOROLA Edge 60 Pro (Pantone Walnut, 256 GB)",29989,36999,18,18.95,"(51,042)",mobiles,Shopsy,https://www.shopsy.in/search?q=smartphones&page=2,2026-04-21 17:20:39
"POCO C75 5G (Aqua Bliss, 128 GB)",11489,11499,,0.09,"(1,63,497)",mobiles,Shopsy,https://www.shopsy.in/search?q=smartphones&page=2,2026-04-21 17:20:39
"POCO C85x (Elite Black, 64 GB)",11489,13499,14,14.89,(741),mobiles,Shopsy,https://www.shopsy.in/search?q=smartphones&page=2,2026-04-21 17:20:39
"Ai+ Pulse 1 (Sparkle Red, 64 GB)",7989,7999,,0.13,"(48,997)",mobiles,Shopsy,https://www.shopsy.in/search?q=smartphones&page=2,2026-04-21 17:20:39
"Apple iPhone 15 (Black, 128 GB)",59890,59900,,0.02,"(2,74,062)",mobiles,Shopsy,https://www.shopsy.in/search?q=smartphones&page=2,2026-04-21 17:20:39
"Ai+ Pulse 2 (Blue, 64 GB)",8489,10999,22,22.82,"(3,127)",mobiles,Shopsy,https://www.shopsy.in/search?q=smartphones&page=2,2026-04-21 17:20:39
"vivo T4 Lite 5G Charger in the Box (Prism Blue, 128 GB)",13989,13999,,0.07,"(51,496)",mobiles,Shopsy,https://www.shopsy.in/search?q=smartphones&page=2,2026-04-21 17:20:39
"vivo T4 Lite 5G Charger in the Box (Prism Blue, 128 GB)",14989,14999,,0.07,"(67,297)",mobiles,Shopsy,https://www.shopsy.in/search?q=smartphones&page=2,2026-04-21 17:20:39
"vivo T4R 5G (Arctic White, 256 GB)",26989,26999,,0.04,"(6,133)",mobiles,Shopsy,https://www.shopsy.in/search?q=smartphones&page=2,2026-04-21 17:20:39
"realme P4 5G (Steel Grey, 128 GB)",21989,21999,,0.05,"(17,590)",mobiles,Shopsy,https://www.shopsy.in/search?q=smartphones&page=2,2026-04-21 17:20:39
"vivo T4R 5G (Arctic White, 128 GB)",22989,23499,2,2.17,"(67,065)",mobiles,Shopsy,https://www.shopsy.in/search?q=smartphones&page=2,2026-04-21 17:20:39
"vivo T4R 5G (Twilight Blue, 128 GB)",22989,23499,2,2.17,"(67,065)",mobiles,Shopsy,https://www.shopsy.in/search?q=smartphones&page=2,2026-04-21 17:20:39
"POCO C85x (Sunset Gold, 64 GB)",11489,13499,14,14.89,(741),mobiles,Shopsy,https://www.shopsy.in/search?q=smartphones&page=2,2026-04-21 17:20:39
"vivo T4 Lite 5G Charger in the Box (Titanium Gold, 128 GB)",13989,13999,,0.07,"(51,496)",mobiles,Shopsy,https://www.shopsy.in/search?q=smartphones&page=2,2026-04-21 17:20:39
"Ai+ Pulse 1 (Black, 64 GB)",7989,7999,,0.13,"(48,997)",mobiles,Shopsy,https://www.shopsy.in/search?q=smartphones&page=2,2026-04-21 17:20:39
"vivo T5x 5G (Star Silver, 256 GB)",26989,33999,20,20.62,"(8,294)",mobiles,Shopsy,https://www.shopsy.in/search?q=smartphones&page=3,2026-04-21 17:20:43
"Apple iPhone 15 (Blue, 128 GB)",59890,59900,,0.02,"(2,74,062)",mobiles,Shopsy,https://www.shopsy.in/search?q=smartphones&page=3,2026-04-21 17:20:43
"MOTOROLA G96 5G (Pantone Cattleya Orchid, 128 GB)",18989,20999,9,9.57,"(98,583)",mobiles,Shopsy,https://www.shopsy.in/search?q=smartphones&page=3,2026-04-21 17:20:43
"Apple iPhone 16 (Pink, 128 GB)",69890,69900,,0.01,"(2,19,094)",mobiles,Shopsy,https://www.shopsy.in/search?q=smartphones&page=3,2026-04-21 17:20:43
"MOTOROLA Edge 60 Fusion 5G (PANTONE Zephyr, 128 GB)",22989,24999,8,8.04,"(1,36,167)",mobiles,Shopsy,https://www.shopsy.in/search?q=smartphones&page=3,2026-04-21 17:20:43
"Samsung M06 5G (Sage Green, 128 GB)",13735,15499,11,11.38,"(1,167)",mobiles,Shopsy,https://www.shopsy.in/search?q=smartphones&page=3,2026-04-21 17:20:43
"Ai+ Pulse 1 (Blue, 64 GB)",7989,7999,,0.13,"(48,997)",mobiles,Shopsy,https://www.shopsy.in/search?q=smartphones&page=3,2026-04-21 17:20:43
"Ai+ Pulse 2 (Purple, 128 GB)",9489,11999,20,20.92,"(1,103)",mobiles,Shopsy,https://www.shopsy.in/search?q=smartphones&page=3,2026-04-21 17:20:43
"MOTOROLA Edge 60 Fusion 5G (PANTONE Mykonos Blue, 128 GB)",22989,24999,8,8.04,"(1,36,167)",mobiles,Shopsy,https://www.shopsy.in/search?q=smartphones&page=3,2026-04-21 17:20:43
"OnePlus Nord 6 (Quick Silver, 256 GB)",39490,52999,25,25.49,(86),mobiles,Shopsy,https://www.shopsy.in/search?q=smartphones&page=3,2026-04-21 17:20:43
"OnePlus Nord 6 (Fresh Mint, 256 GB)",39488,52999,25,25.49,(86),mobiles,Shopsy,https://www.shopsy.in/search?q=smartphones&page=3,2026-04-21 17:20:43
"Samsung Galaxy F06 5G (Lit Violet, 64 GB)",11489,12499,8,8.08,"(46,284)",mobiles,Shopsy,https://www.shopsy.in/search?q=smartphones&page=3,2026-04-21 17:20:43
"realme P4 5G (Forge Red, 128 GB)",20989,20999,,0.05,"(23,080)",mobiles,Shopsy,https://www.shopsy.in/search?q=smartphones&page=3,2026-04-21 17:20:43
"Infinix GT 30 5G+ Cyber Blue 256 (Cyber Blue, 256 GB)",23999,26999,11,11.11,(123),mobiles,Shopsy,https://www.shopsy.in/search?q=smartphones&page=3,2026-04-21 17:20:43
"MOTOROLA Edge 70 Fusion (Pantone SILHOUETTE, 256 GB)",32989,49999,34,34.02,(980),mobiles,Shopsy,https://www.shopsy.in/search?q=smartphones&page=3,2026-04-21 17:20:43
"MOTOROLA Edge 60 Fusion 5G (PANTONE Mykonos Blue, 256 GB)",26989,27999,3,3.61,"(52,410)",mobiles,Shopsy,https://www.shopsy.in/search?q=smartphones&page=3,2026-04-21 17:20:43
"MOTOROLA Edge 60 Pro (Pantone Shadow, 256 GB)",29989,36999,18,18.95,"(51,042)",mobiles,Shopsy,https://www.shopsy.in/search?q=smartphones&page=3,2026-04-21 17:20:43
"MOTOROLA Edge 70 Fusion (Pantone BLUE SURF, 256 GB)",29989,45999,34,34.81,"(4,452)",mobiles,Shopsy,https://www.shopsy.in/search?q=smartphones&page=3,2026-04-21 17:20:43
"vivo T4x 5G (Glacial Teal, 128 GB)",18989,19499,2,2.62,"(1,68,924)",mobiles,Shopsy,https://www.shopsy.in/search?q=smartphones&page=3,2026-04-21 17:20:43
"vivo T4x 5G (Pronto Purple, 128 GB)",16989,17999,5,5.61,"(2,23,361)",mobiles,Shopsy,https://www.shopsy.in/search?q=smartphones&page=3,2026-04-21 17:20:43
"Google Pixel 9A (Porcelain, 256 GB)",39989,49999,20,20.02,"(10,197)",mobiles,Shopsy,https://www.shopsy.in/search?q=smartphones&page=4,2026-04-21 17:20:48
"realme P4 Lite (Beach Gold, 128 GB)",10999,13999,21,21.43,"(1,857)",mobiles,Shopsy,https://www.shopsy.in/search?q=smartphones&page=4,2026-04-21 17:20:48
"vivo T4x 5G (Marine Blue, 256 GB)",20989,20999,,0.05,"(1,68,924)",mobiles,Shopsy,https://www.shopsy.in/search?q=smartphones&page=4,2026-04-21 17:20:48
"MOTOROLA G96 5G (Pantone Dresden Blue, 128 GB)",18989,20999,9,9.57,"(98,583)",mobiles,Shopsy,https://www.shopsy.in/search?q=smartphones&page=4,2026-04-21 17:20:48
"Infinix GT 30 5G+ Pulse Green 256 (Pulse Green, 256 GB)",23999,26999,11,11.11,(186),mobiles,Shopsy,https://www.shopsy.in/search?q=smartphones&page=4,2026-04-21 17:20:48
"Samsung M06 5G (Blazing Black, 128 GB)",13685,15499,11,11.7,"(1,167)",mobiles,Shopsy,https://www.shopsy.in/search?q=smartphones&page=4,2026-04-21 17:20:48
"vivo T4x 5G (Pronto Purple, 128 GB)",18989,19499,2,2.62,"(1,68,924)",mobiles,Shopsy,https://www.shopsy.in/search?q=smartphones&page=4,2026-04-21 17:20:48
"vivo T4x 5G (Marine Blue, 128 GB)",16989,17999,5,5.61,"(2,23,361)",mobiles,Shopsy,https://www.shopsy.in/search?q=smartphones&page=4,2026-04-21 17:20:48
"MOTOROLA Edge 60 Pro (Pantone Dazzling Blue, 256 GB)",29989,36999,18,18.95,"(51,042)",mobiles,Shopsy,https://www.shopsy.in/search?q=smartphones&page=4,2026-04-21 17:20:48
"realme P4 Lite (Sea Blue, 128 GB)",10999,13999,21,21.43,"(1,857)",mobiles,Shopsy,https://www.shopsy.in/search?q=smartphones&page=4,2026-04-21 17:20:48
"vivo T4x 5G (Marine Blue, 128 GB)",18989,19499,2,2.62,"(1,68,924)",mobiles,Shopsy,https://www.shopsy.in/search?q=smartphones&page=4,2026-04-21 17:20:48
"vivo T4x 5G (Glacial Teal, 256 GB)",20989,20999,,0.05,"(1,68,924)",mobiles,Shopsy,https://www.shopsy.in/search?q=smartphones&page=4,2026-04-21 17:20:48
"vivo T4x 5G (Pronto Purple, 256 GB)",20989,20999,,0.05,"(1,68,924)",mobiles,Shopsy,https://www.shopsy.in/search?q=smartphones&page=4,2026-04-21 17:20:48
"realme P4 5G (Steel Grey, 256 GB)",23989,23999,,0.04,"(17,590)",mobiles,Shopsy,https://www.shopsy.in/search?q=smartphones&page=4,2026-04-21 17:20:48
"realme P4 5G (Forge Red, 128 GB)",21989,21999,,0.05,"(17,590)",mobiles,Shopsy,https://www.shopsy.in/search?q=smartphones&page=4,2026-04-21 17:20:48
"realme P4x 5G (Lake Green, 128 GB)",17499,18999,7,7.9,"(4,235)",mobiles,Shopsy,https://www.shopsy.in/search?q=smartphones&page=4,2026-04-21 17:20:48
"MOTOROLA Edge 70 Fusion (Pantone BLUE SURF, 128 GB)",26989,42999,37,37.23,"(4,452)",mobiles,Shopsy,https://www.shopsy.in/search?q=smartphones&page=4,2026-04-21 17:20:48
"Ai+ Pulse 1 (Green, 64 GB)",7989,7999,,0.13,"(48,997)",mobiles,Shopsy,https://www.shopsy.in/search?q=smartphones&page=4,2026-04-21 17:20:48
"Google Pixel 10a (Fog, 256 GB)",49989,49999,,0.02,(551),mobiles,Shopsy,https://www.shopsy.in/search?q=smartphones&page=4,2026-04-21 17:20:48
"POCO M6 Plus 5G (Ice Silver, 128 GB)",14489,17999,19,19.5,"(20,256)",mobiles,Shopsy,https://www.shopsy.in/search?q=smartphones&page=4,2026-04-21 17:20:48
"Ai+ Pulse 2 (Green, 128 GB)",9489,11999,20,20.92,"(1,103)",mobiles,Shopsy,https://www.shopsy.in/search?q=smartphones&page=4,2026-04-21 17:20:48
"MOTOROLA Edge 60 Pro (Pantone Sparkling Grape, 256 GB)",29989,36999,18,18.95,"(51,042)",mobiles,Shopsy,https://www.shopsy.in/search?q=smartphones&page=4,2026-04-21 17:20:48
"Nothing Phone (3a) Lite (Black, 128 GB)",21989,22999,4,4.39,"(2,594)",mobiles,Shopsy,https://www.shopsy.in/search?q=smartphones&page=4,2026-04-21 17:20:48
"Samsung Galaxy F36 5G (Red, 128 GB)",18989,22999,17,17.44,"(10,918)",mobiles,Shopsy,https://www.shopsy.in/search?q=smartphones&page=5,2026-04-21 17:20:54
"POCO C85x (Emerald Green, 64 GB)",11489,13499,14,14.89,(741),mobiles,Shopsy,https://www.shopsy.in/search?q=smartphones&page=5,2026-04-21 17:20:54
"MOTOROLA g06 power (Pantone Laurel Oak, 64 GB)",9989,9999,,0.1,"(14,251)",mobiles,Shopsy,https://www.shopsy.in/search?q=smartphones&page=5,2026-04-21 17:20:54
"vivo T4 5G (Emerald Blaze, 128 GB)",24989,25999,3,3.88,"(1,03,627)",mobiles,Shopsy,https://www.shopsy.in/search?q=smartphones&page=5,2026-04-21 17:20:54
"Apple iPhone 16 (Black, 128 GB)",69890,69900,,0.01,"(2,19,094)",mobiles,Shopsy,https://www.shopsy.in/search?q=smartphones&page=5,2026-04-21 17:20:54
"Motorola Edge 50 Fusion (Forest Green, 256 GB)",20989,27999,25,25.04,"(1,74,914)",mobiles,Shopsy,https://www.shopsy.in/search?q=smartphones&page=5,2026-04-21 17:20:54
"OnePlus 13R 5g (Astral Trail, 256 GB)",41989,44999,6,6.69,"(5,855)",mobiles,Shopsy,https://www.shopsy.in/search?q=smartphones&page=5,2026-04-21 17:20:54
"POCO X8 Pro (Black, 256 GB)",32989,43999,25,25.02,(777),mobiles,Shopsy,https://www.shopsy.in/search?q=smartphones&page=5,2026-04-21 17:20:54
"POCO M8 (Frost Silver, 128 GB)",17989,21999,18,18.23,"(1,269)",mobiles,Shopsy,https://www.shopsy.in/search?q=smartphones&page=5,2026-04-21 17:20:54
"OnePlus 13R 5G (Nebula Noir, 256 GB)",40188,44999,10,10.69,"(5,855)",mobiles,Shopsy,https://www.shopsy.in/search?q=smartphones&page=5,2026-04-21 17:20:54
"Tecno Pova 7 Pro 5G (Neon Cyan, 128 GB)",18364,21999,16,16.52,"(5,023)",mobiles,Shopsy,https://www.shopsy.in/search?q=smartphones&page=5,2026-04-21 17:20:54
Acer Aspire 3 Intel Celeron Dual Core - (8 GB/128 GB SSD/Windows 11 Home) A311-45 Thin and Light Laptop,29990,32990,9,9.09,"(9,301)",laptops,Shopsy,https://www.shopsy.in/search?q=laptops&page=2,2026-04-21 17:21:01
Primebook 2 Neo (2025) in-Built AI MediaTek Helio G99 (MT8781) - (6 GB/128 GB/Android 15) PBG9911128#B7B7B7 Thin and Light Laptop,19980,24990,20,20.05,(301),laptops,Shopsy,https://www.shopsy.in/search?q=laptops&page=2,2026-04-21 17:21:01
ASUS Chromebook CX14 Intel Celeron Dual Core N4500 - (4 GB/64 GB EMMC Storage/Chrome OS) CX1405CKA-NK0154 | CX1405CKA-S60342 Chromebook,17980,21990,18,18.24,(417),laptops,Shopsy,https://www.shopsy.in/search?q=laptops&page=2,2026-04-21 17:21:01
ASUS Chromebook CX15 Intel Celeron Dual Core N50 - (4 GB/128 GB EMMC Storage/Chrome OS) CX1505CTA-S70257 Chromebook Laptop,22980,26990,14,14.86,(12),laptops,Shopsy,https://www.shopsy.in/search?q=laptops&page=2,2026-04-21 17:21:01
Acer Aspire 3 Intel Core i3 13th Gen 1305U - (16 GB/512 GB SSD/Windows 11 Home) A324-53 Thin and Light Laptop,44980,44999,,0.04,"(3,638)",laptops,Shopsy,https://www.shopsy.in/search?q=laptops&page=2,2026-04-21 17:21:01
Acer Aspire 3 Intel Core i3 13th Gen 1305U - (8 GB/512 GB SSD/Windows 11 Home) A324-53 Thin and Light Laptop,43480,49999,13,13.04,"(3,638)",laptops,Shopsy,https://www.shopsy.in/search?q=laptops&page=2,2026-04-21 17:21:01
ASUS Chromebook CX14 Intel Celeron Dual Core N50 - (4 GB/512 GB SSD/128 GB EMMC Storage/Chrome OS) CX1405CTA-S60621 Chromebook Laptop,24980,24990,,0.04,(8),laptops,Shopsy,https://www.shopsy.in/search?q=laptops&page=2,2026-04-21 17:21:01
HP AMD Ryzen 7 Octa Core - (16 GB/512 GB SSD/Windows 11 Home) 15-fc0761AU Laptop,62990,65387,3,3.67,,laptops,Shopsy,https://www.shopsy.in/search?q=laptops&page=2,2026-04-21 17:21:01
Acer Aspire 3 Intel Core i5 13th Gen 1334U - (16 GB/1 TB SSD/Windows 11 Home) A324-53 Thin and Light Laptop,57980,64990,10,10.79,"(1,666)",laptops,Shopsy,https://www.shopsy.in/search?q=laptops&page=2,2026-04-21 17:21:01
HP 15s Metal Intel Core i3 13th Gen 1315U - (8 GB/512 GB SSD/Windows 11 Home) 15-hr0005TU Thin and Light Laptop,43980,53327,17,17.53,(121),laptops,Shopsy,https://www.shopsy.in/search?q=laptops&page=2,2026-04-21 17:21:01
Apple MacBook AIR M2 - (8 GB/512 GB SSD/Mac OS Monterey) MLY43HN/A,109890,109900,,0.01,"(1,931)",laptops,Shopsy,https://www.shopsy.in/search?q=laptops&page=2,2026-04-21 17:21:01
Apple MacBook AIR M2 - (8 GB/256 GB SSD/Mac OS Monterey) MLY33HN/A,85980,89900,4,4.36,"(18,634)",laptops,Shopsy,https://www.shopsy.in/search?q=laptops&page=2,2026-04-21 17:21:01
MOTOROLA Motobook 60 Pro Full Metal OLED AI PC Intel Core Ultra 5 225H - (16 GB/512 GB SSD/Windows 11 Home) 83NY000CIN Thin and Light Laptop,62980,104990,40,40.01,(210),laptops,Shopsy,https://www.shopsy.in/search?q=laptops&page=2,2026-04-21 17:21:01
HP 14 AI PC Intel Core Ultra 7 - (24 GB/1 TB SSD/Windows 11 Home) 14-ep1181TU Thin and Light Laptop,82990,88415,6,6.14,(490),laptops,Shopsy,https://www.shopsy.in/search?q=laptops&page=2,2026-04-21 17:21:01
HP 255R G10 (2025) Professional AMD Ryzen 3 Quad Core 7335U - (8 GB/512 GB SSD/Windows 11 Home) 255R G10 Thin and Light Laptop,33630,41990,19,19.91,(13),laptops,Shopsy,https://www.shopsy.in/search?q=laptops&page=2,2026-04-21 17:21:01
Ultimus Pro Intel Dual Core N4020 - (4 GB/128 GB EMMC Storage/Windows 11 Home) NU14U3CNC43BN-MB Thin and Light Laptop,15905,27990,43,43.18,(27),laptops,Shopsy,https://www.shopsy.in/search?q=laptops&page=2,2026-04-21 17:21:01
MOTOROLA Motobook 60 Pro Full Metal OLED AI PC Intel Core Ultra 5 225H - (16 GB/512 GB SSD/Windows 11 Home) 83NY000DIN Thin and Light Laptop,62980,104990,40,40.01,(210),laptops,Shopsy,https://www.shopsy.in/search?q=laptops&page=2,2026-04-21 17:21:01
"ASUS Vivobook Go 15 (2025) with Office 2024 + M365 Basic*, AMD Ryzen 5 Quad Core 7520U - (8 GB/512 GB SSD/Windows 11 Home) E1504FA-BQ2523WS Thin and Light Laptop",40980,48990,16,16.35,(59),laptops,Shopsy,https://www.shopsy.in/search?q=laptops&page=2,2026-04-21 17:21:01
Lenovo IdeaPad Slim 3 Next Gen AI PC WUXGA IPS Copilot + PC with 1Yr ADP Snapdragon X - (16 GB/512 GB SSD/Windows 11 Home) 15Q8X10 Thin and Light Laptop,63980,93490,31,31.56,(862),laptops,Shopsy,https://www.shopsy.in/search?q=laptops&page=2,2026-04-21 17:21:01
Acer One Intel Core i3 11th Gen 1115G4 - (8 GB/512 GB SSD/Windows 11 Home) AO 14 Z 8-415 Thin and Light Laptop,24980,43999,43,43.23,"(13,584)",laptops,Shopsy,https://www.shopsy.in/search?q=laptops&page=2,2026-04-21 17:21:01
HP 15s AMD Ryzen 3 Quad Core 5300U - (8 GB/512 GB SSD/Windows 11 Home) 15s-eq2143au Thin and Light Laptop,44970,47147,4,4.62,"(5,991)",laptops,Shopsy,https://www.shopsy.in/search?q=laptops&page=2,2026-04-21 17:21:01
Ultimus APEX Intel Celeron Dual Core - (8 GB/512 GB SSD/Windows 11 Home) NU14U7INC56BN-CS Laptop,24689,39990,38,38.26,(111),laptops,Shopsy,https://www.shopsy.in/search?q=laptops&page=2,2026-04-21 17:21:01
Apple Macbook Neo A18 Pro(2026) A18 Pro - (8 GB/256 GB SSD/Tahoe) MHFF4HN/A,67890,69900,2,2.88,(100),laptops,Shopsy,https://www.shopsy.in/search?q=laptops&page=2,2026-04-21 17:21:01
ASUS TUF Gaming A15 (2025) AMD Ryzen 7 Hexa Core 7445HS - (16 GB/512 GB SSD/Windows 11 Home/4 GB Graphics/NVIDIA GeForce RTX 3050/144 Hz) FA506NCG-HN200WS Gaming Laptop,68990,85990,19,19.77,(50),laptops,Shopsy,https://www.shopsy.in/search?q=laptops&page=2,2026-04-21 17:21:01
Acer Swift Go 14 Office 2024 + M365 Basic AMD Ryzen 5 Hexa Core 7430U - (16 GB/512 GB SSD/Windows 11 Home) SFG14-41-R6G9 Thin and Light Laptop,40980,69999,41,41.46,"(1,024)",laptops,Shopsy,https://www.shopsy.in/search?q=laptops&page=3,2026-04-21 17:21:07
Infinix Y4 Max Series Intel Core i3 13th Gen 1315U - (16 GB/512 GB SSD/Windows 11 Home) YL613 Thin and Light Laptop,36980,59990,38,38.36,(469),laptops,Shopsy,https://www.shopsy.in/search?q=laptops&page=3,2026-04-21 17:21:07
HP Intel Core i3 11th Gen - (8 GB/512 GB SSD/Windows 11 Home) 15S-FR2515TU Laptop,48980,49999,2,2.04,(40),laptops,Shopsy,https://www.shopsy.in/search?q=laptops&page=3,2026-04-21 17:21:07
ASUS TUF Gaming F16 (2025) with MSO 2024+M365 Basic (i5 14th Gen) Intel Core 5 - (16 GB/512 GB SSD/Windows 11 Home/6 GB Graphics/NVIDIA GeForce RTX 3050/144 Hz) FX607VJB-RL179WS Gaming Laptop,74990,91990,18,18.48,(11),laptops,Shopsy,https://www.shopsy.in/search?q=laptops&page=3,2026-04-21 17:21:07
HP AMD Ryzen 5 Hexa Core 5500U - (8 GB/512 GB SSD/Windows 11 Home) 15s- eq2144au Thin and Light Laptop,43980,54552,19,19.38,"(5,387)",laptops,Shopsy,https://www.shopsy.in/search?q=laptops&page=3,2026-04-21 17:21:07
Acer Aspire Intel Celeron Dual Core N4500 - (12 GB/256 GB SSD/Windows 11 Home) A324-45-V2 Thin and Light Laptop,20980,29999,30,30.06,"(2,050)",laptops,Shopsy,https://www.shopsy.in/search?q=laptops&page=3,2026-04-21 17:21:07
DELL 14 Microsoft Office Home 2024 Intel Core Ultra 7 256V - (16 GB/512 GB SSD/Windows 11 Home) DB04250 2 in 1 Laptop,99980,111258,10,10.14,,laptops,Shopsy,https://www.shopsy.in/search?q=laptops&page=3,2026-04-21 17:21:07
HP 15s Intel Core i5 13th Gen 1335U - (8 GB/512 GB SSD/Windows 11 Home) 15-fd0021TU Thin and Light Laptop,57980,76989,24,24.69,(424),laptops,Shopsy,https://www.shopsy.in/search?q=laptops&page=3,2026-04-21 17:21:07
HP Chromebook Intel Celeron Dual Core N4120 - (4 GB/64 GB EMMC Storage/Chrome OS) 14a-ca0506TU Chromebook,27980,32295,13,13.36,"(2,110)",laptops,Shopsy,https://www.shopsy.in/search?q=laptops&page=3,2026-04-21 17:21:07
Lenovo V15 Series AMD Ryzen 5 Quad Core 7520U - (8 GB/512 GB SSD/Windows 11 Home) V15 Thin and Light Laptop,50980,59990,15,15.02,(56),laptops,Shopsy,https://www.shopsy.in/search?q=laptops&page=3,2026-04-21 17:21:07
ASUS VivoBook 14 Intel Core i3 11th Gen 1115G4 - (8 GB/256 GB SSD/Windows 11 Home) X415EA-EK342WS Thin and Light Laptop,35980,50990,29,29.44,(643),laptops,Shopsy,https://www.shopsy.in/search?q=laptops&page=3,2026-04-21 17:21:07
Acer Aspire 3 Backlit Intel Core i5 12th Gen 1235U - (16 GB/512 GB SSD/Windows 11 Home) A324-51 Thin and Light Laptop,38980,53000,26,26.45,"(3,224)",laptops,Shopsy,https://www.shopsy.in/search?q=laptops&page=3,2026-04-21 17:21:07
Acer Aspire 3 Backlit Intel Core i5 12th Gen 1235U - (8 GB/512 GB SSD/Windows 11 Home) A324-51 Thin and Light Laptop,52193,59900,12,12.87,"(3,224)",laptops,Shopsy,https://www.shopsy.in/search?q=laptops&page=3,2026-04-21 17:21:07
DELL Inspiron 15 Microsoft Office Home 2024 Intel Core i5 13th Gen 1334U - (8 GB/512 GB SSD/Windows 11 Home) 3530 Thin and Light Laptop,54980,63416,13,13.3,(490),laptops,Shopsy,https://www.shopsy.in/search?q=laptops&page=3,2026-04-21 17:21:07
DELL 14 Microsoft Office Home 2024 AMD Ryzen AI 7 Octa Core 350 AI - (16 GB/1 TB SSD/Windows 11 Home) DB14255 Thin and Light Laptop,83480,107083,22,22.04,,laptops,Shopsy,https://www.shopsy.in/search?q=laptops&page=3,2026-04-21 17:21:07
HP Intel Core i3 13th Gen 1315U - (8 GB/512 GB SSD/Windows 11 Home) 15-fd0568TU Thin and Light Laptop,45980,59999,23,23.37,(163),laptops,Shopsy,https://www.shopsy.in/search?q=laptops&page=3,2026-04-21 17:21:07
Primebook 2 Max (2025) in-Built AI MediaTek Helio G99 (MT8781) - (8 GB/256 GB/Android 15) PBG9915256#4278C Laptop,28480,34990,18,18.61,(994),laptops,Shopsy,https://www.shopsy.in/search?q=laptops&page=3,2026-04-21 17:21:07
DELL 14 Microsoft Office Home 2024 AMD Ryzen 5 Hexa Core AI 5 340 - (16 GB/512 GB SSD/Windows 11 Home) DB14255 Thin and Light Laptop,72480,92833,21,21.92,,laptops,Shopsy,https://www.shopsy.in/search?q=laptops&page=3,2026-04-21 17:21:07
DELL 16 14 Microsoft Office Home 2024 AMD Ryzen AI 5 Hexa Core 340 AI - (16 GB/512 GB SSD/Windows 11 Home) DB16255 Laptop,71980,89250,19,19.35,,laptops,Shopsy,https://www.shopsy.in/search?q=laptops&page=3,2026-04-21 17:21:07
HP Laptop AMD Ryzen 3 Quad Core 5300U - (8 GB/512 GB SSD/Windows 11 Home) 15s- eq2213AU Thin and Light Laptop,45980,51990,11,11.56,(658),laptops,Shopsy,https://www.shopsy.in/search?q=laptops&page=5,2026-04-21 17:21:15
Acer Aspire 7 Intel Core i5 12th Gen 12450H - (16 GB/512 GB SSD/Windows 11 Home/4 GB Graphics/NVIDIA GeForce RTX 3050/144 Hz) A715-76G-548J Gaming Laptop,57990,84999,31,31.78,"(2,741)",laptops,Shopsy,https://www.shopsy.in/search?q=laptops&page=5,2026-04-21 17:21:15
Lenovo V15 AMD Ryzen 5 Quad Core 7520U - (16 GB/512 GB SSD/Windows 11 Home) V15 Thin and Light Laptop,49441,60999,18,18.95,"(1,804)",laptops,Shopsy,https://www.shopsy.in/search?q=laptops&page=5,2026-04-21 17:21:15
HP 255R G10 (2026) Professional DDR5 5600Mhz AMD Ryzen 5 Hexa Core - (8 GB/512 GB SSD/Windows 11 Home) 255R G10 Thin and Light Laptop,49880,69990,28,28.73,(7),laptops,Shopsy,https://www.shopsy.in/search?q=laptops&page=5,2026-04-21 17:21:15
HP AMD Ryzen 5 Quad Core 7520U - (16 GB/512 GB SSD/Windows 11 Home) 15-fc0156AU / 15-fc0690AU Thin and Light Laptop,53511,56031,4,4.5,(459),laptops,Shopsy,https://www.shopsy.in/search?q=laptops&page=5,2026-04-21 17:21:15
MOTOROLA Motobook 60 Full Metal OLED (i7 14th Gen) Intel Core 7 (Series 2) 240H - (16 GB/512 GB SSD/Windows 11 Home) 14IRH10R Thin and Light Laptop,62980,104890,39,39.96,"(1,001)",laptops,Shopsy,https://www.shopsy.in/search?q=laptops&page=5,2026-04-21 17:21:15
DELL Inspiron 15 Intel Core i3 12th Gen 1215U - (8 GB/512 GB SSD/Windows 11 Home) Inspiron 3520 Thin and Light Laptop,56773,60319,5,5.88,"(4,986)",laptops,Shopsy,https://www.shopsy.in/search?q=laptops&page=5,2026-04-21 17:21:15
DELL Intel Core i3 12th Gen 1215U - (8 GB/256 GB SSD/Windows 11 Home) Inspiron 3520 Thin and Light Laptop,56628,61329,7,7.67,(40),laptops,Shopsy,https://www.shopsy.in/search?q=laptops&page=5,2026-04-21 17:21:15
DELL Intel Core i5 12th Gen 1235U - (8 GB/512 GB SSD/Windows 11 Home) New Inspiron 15 Laptop Thin and Light Laptop,53890,70000,23,23.01,(695),laptops,Shopsy,https://www.shopsy.in/search?q=laptops&page=5,2026-04-21 17:21:15
HP Intel Core i3 12th Gen 1215U - (16 GB/512 GB SSD/Windows 11 Home) 15s-fy5004TU Thin and Light Laptop,46980,52721,10,10.89,"(1,925)",laptops,Shopsy,https://www.shopsy.in/search?q=laptops&page=5,2026-04-21 17:21:15
HP 15s Intel Core i3 12th Gen 1215U - (8 GB/512 GB SSD/Windows 11 Home) 15-fd0752TU /15s-fy5003TU Thin and Light Laptop,46980,51266,8,8.36,"(6,571)",laptops,Shopsy,https://www.shopsy.in/search?q=laptops&page=5,2026-04-21 17:21:15
DELL Inspiron 15 (Core i3 14th Gen) Intel Core 3 100U - (8 GB/512 GB SSD/Windows 11 Home) DC15250 Thin and Light Laptop,47980,49990,4,4.02,(91),laptops,Shopsy,https://www.shopsy.in/search?q=laptops&page=5,2026-04-21 17:21:15
Acer Aspire Lite AMD Ryzen 5 Hexa Core 5625U - (8 GB/512 GB SSD/Windows 11 Home) AL15-41 Thin and Light Laptop,46601,49999,6,6.8,"(2,910)",laptops,Shopsy,https://www.shopsy.in/search?q=laptops&page=5,2026-04-21 17:21:15
Acer Aspire Lite AMD Ryzen 3 Quad Core 5300U - (8 GB/512 GB SSD/Windows 11 Home) AL15-41 Thin and Light Laptop,39435,44990,12,12.35,"(1,536)",laptops,Shopsy,https://www.shopsy.in/search?q=laptops&page=5,2026-04-21 17:21:15
3.8,220,2221,90,90.09,(409),headphones,Shopsy,https://www.shopsy.in/search?q=headphones&page=2,2026-04-21 17:21:23
3.7,222,999,77,77.78,"(2,452)",headphones,Shopsy,https://www.shopsy.in/search?q=headphones&page=2,2026-04-21 17:21:23
3.5,189,799,76,76.35,"(5,081)",headphones,Shopsy,https://www.shopsy.in/search?q=headphones&page=2,2026-04-21 17:21:23
3.8,205,1199,82,82.9,(184),headphones,Shopsy,https://www.shopsy.in/search?q=headphones&page=2,2026-04-21 17:21:23
3.6,195,1999,90,90.25,(390),headphones,Shopsy,https://www.shopsy.in/search?q=headphones&page=2,2026-04-21 17:21:23
3.5,259,1999,87,87.04,(834),headphones,Shopsy,https://www.shopsy.in/search?q=headphones&page=2,2026-04-21 17:21:23
4.1,223,2199,89,89.86,(250),headphones,Shopsy,https://www.shopsy.in/search?q=headphones&page=2,2026-04-21 17:21:23
3.9,202,1199,83,83.15,(27),headphones,Shopsy,https://www.shopsy.in/search?q=headphones&page=2,2026-04-21 17:21:23
3.4,393,858,54,54.2,(260),headphones,Shopsy,https://www.shopsy.in/search?q=headphones&page=2,2026-04-21 17:21:23
3.5,232,738,68,68.56,(522),headphones,Shopsy,https://www.shopsy.in/search?q=headphones&page=2,2026-04-21 17:21:23
3.6,222,999,77,77.78,(442),headphones,Shopsy,https://www.shopsy.in/search?q=headphones&page=2,2026-04-21 17:21:23
3.7,208,1499,86,86.12,(591),headphones,Shopsy,https://www.shopsy.in/search?q=headphones&page=2,2026-04-21 17:21:23
3.9,205,1199,82,82.9,(54),headphones,Shopsy,https://www.shopsy.in/search?q=headphones&page=2,2026-04-21 17:21:23
3.5,367,858,57,57.23,(270),headphones,Shopsy,https://www.shopsy.in/search?q=headphones&page=2,2026-04-21 17:21:23
3.7,216,2299,90,90.6,(591),headphones,Shopsy,https://www.shopsy.in/search?q=headphones&page=2,2026-04-21 17:21:23
4.1,121,699,82,82.69,(75),headphones,Shopsy,https://www.shopsy.in/search?q=headphones&page=2,2026-04-21 17:21:23
4.7,390,998,60,60.92,(3),headphones,Shopsy,https://www.shopsy.in/search?q=headphones&page=2,2026-04-21 17:21:23
4,405,1299,68,68.82,(4),headphones,Shopsy,https://www.shopsy.in/search?q=headphones&page=2,2026-04-21 17:21:23
3.8,242,1999,87,87.89,(409),headphones,Shopsy,https://www.shopsy.in/search?q=headphones&page=2,2026-04-21 17:21:23
3.5,400,998,59,59.92,(8),headphones,Shopsy,https://www.shopsy.in/search?q=headphones&page=2,2026-04-21 17:21:23
3.6,213,799,73,73.34,(622),headphones,Shopsy,https://www.shopsy.in/search?q=headphones&page=2,2026-04-21 17:21:23
4,780,2499,68,68.79,(259),headphones,Shopsy,https://www.shopsy.in/search?q=headphones&page=2,2026-04-21 17:21:23
3.3,253,1599,84,84.18,(238),headphones,Shopsy,https://www.shopsy.in/search?q=headphones&page=2,2026-04-21 17:21:23
3.7,735,2999,75,75.49,(363),headphones,Shopsy,https://www.shopsy.in/search?q=headphones&page=2,2026-04-21 17:21:23
3.7,205,1199,82,82.9,(167),headphones,Shopsy,https://www.shopsy.in/search?q=headphones&page=2,2026-04-21 17:21:23
3.5,212,999,78,78.78,"(1,008)",headphones,Shopsy,https://www.shopsy.in/search?q=headphones&page=2,2026-04-21 17:21:23
3.7,183,1199,84,84.74,(355),headphones,Shopsy,https://www.shopsy.in/search?q=headphones&page=2,2026-04-21 17:21:23
3.6,382,858,55,55.48,(87),headphones,Shopsy,https://www.shopsy.in/search?q=headphones&page=2,2026-04-21 17:21:23
4,129,799,83,83.85,(110),headphones,Shopsy,https://www.shopsy.in/search?q=headphones&page=2,2026-04-21 17:21:23
3.6,196,1999,90,90.2,(418),headphones,Shopsy,https://www.shopsy.in/search?q=headphones&page=2,2026-04-21 17:21:23
3.5,195,1999,90,90.25,(481),headphones,Shopsy,https://www.shopsy.in/search?q=headphones&page=3,2026-04-21 17:21:28
3.8,135,799,83,83.1,(39),headphones,Shopsy,https://www.shopsy.in/search?q=headphones&page=3,2026-04-21 17:21:28
3.6,212,999,78,78.78,(33),headphones,Shopsy,https://www.shopsy.in/search?q=headphones&page=3,2026-04-21 17:21:28
3.8,329,1599,79,79.42,(33),headphones,Shopsy,https://www.shopsy.in/search?q=headphones&page=3,2026-04-21 17:21:28
3.7,197,1199,83,83.57,(89),headphones,Shopsy,https://www.shopsy.in/search?q=headphones&page=3,2026-04-21 17:21:28
3.7,223,999,77,77.68,(186),headphones,Shopsy,https://www.shopsy.in/search?q=headphones&page=3,2026-04-21 17:21:28
3.9,225,999,77,77.48,(43),headphones,Shopsy,https://www.shopsy.in/search?q=headphones&page=3,2026-04-21 17:21:28
3.5,223,699,68,68.1,"(11,401)",headphones,Shopsy,https://www.shopsy.in/search?q=headphones&page=3,2026-04-21 17:21:28
4.5,234,1999,88,88.29,(4),headphones,Shopsy,https://www.shopsy.in/search?q=headphones&page=3,2026-04-21 17:21:28
5,217,999,78,78.28,(3),headphones,Shopsy,https://www.shopsy.in/search?q=headphones&page=3,2026-04-21 17:21:28
3.6,223,599,62,62.77,(151),headphones,Shopsy,https://www.shopsy.in/search?q=headphones&page=3,2026-04-21 17:21:28
3.4,240,738,67,67.48,(484),headphones,Shopsy,https://www.shopsy.in/search?q=headphones&page=3,2026-04-21 17:21:28
3.6,239,699,65,65.81,(958),headphones,Shopsy,https://www.shopsy.in/search?q=headphones&page=3,2026-04-21 17:21:28
3.8,212,999,78,78.78,(44),headphones,Shopsy,https://www.shopsy.in/search?q=headphones&page=3,2026-04-21 17:21:28
3.4,253,1599,84,84.18,(218),headphones,Shopsy,https://www.shopsy.in/search?q=headphones&page=3,2026-04-21 17:21:28
4.2,197,1199,83,83.57,(9),headphones,Shopsy,https://www.shopsy.in/search?q=headphones&page=3,2026-04-21 17:21:28
3.5,241,899,73,73.19,(27),headphones,Shopsy,https://www.shopsy.in/search?q=headphones&page=3,2026-04-21 17:21:28
4,229,1999,88,88.54,(2),headphones,Shopsy,https://www.shopsy.in/search?q=headphones&page=3,2026-04-21 17:21:28
3.6,231,849,72,72.79,(53),headphones,Shopsy,https://www.shopsy.in/search?q=headphones&page=3,2026-04-21 17:21:28
3.5,680,1999,65,65.98,(14),headphones,Shopsy,https://www.shopsy.in/search?q=headphones&page=3,2026-04-21 17:21:28
3.3,232,999,76,76.78,(12),headphones,Shopsy,https://www.shopsy.in/search?q=headphones&page=3,2026-04-21 17:21:28
3.7,198,1399,85,85.85,(591),headphones,Shopsy,https://www.shopsy.in/search?q=headphones&page=5,2026-04-21 17:21:35
2.3,222,899,75,75.31,(3),headphones,Shopsy,https://www.shopsy.in/search?q=headphones&page=5,2026-04-21 17:21:35
3.3,389,858,54,54.66,(17),headphones,Shopsy,https://www.shopsy.in/search?q=headphones&page=5,2026-04-21 17:21:35
